date,home_team,away_team,home_score,away_score,tournament,city,country,neutral
2024-01-01,Japan,Thailand,5,0,Friendly,Tokyo,Japan,FALSE
2024-01-01,China,Hong Kong,1,2,Friendly,Abu Dhabi,United Arab Emirates,TRUE
2024-01-02,Indonesia,Libya,0,4,Friendly,Antalya,Turkey,TRUE
2024-01-04,Tajikistan,Hong Kong,2,1,Friendly,Abu Dhabi,United Arab Emirates,TRUE
2024-01-04,Saudi Arabia,Lebanon,1,0,Friendly,Doha,Qatar,TRUE
2024-01-05,Indonesia,Libya,1,2,Friendly,Antalya,Turkey,TRUE
2024-01-05,Iran,Burkina Faso,2,1,Friendly,Kish,Iran,FALSE
2024-01-05,Kyrgyzstan,Syria,1,1,Friendly,Abu Dhabi,United Arab Emirates,TRUE
2024-01-05,Qatar,Jordan,1,2,Friendly,Al Rayyan,Qatar,FALSE
2024-01-05,Togo,Algeria,0,3,Friendly,Lomé,Togo,FALSE
2024-01-06,DR Congo,Angola,0,0,Friendly,Dubai,United Arab Emirates,TRUE
2024-01-06,Iraq,South Korea,0,1,Friendly,Abu Dhabi,United Arab Emirates,TRUE
2024-01-06,Bahrain,Australia,0,2,Friendly,Abu Dhabi,United Arab Emirates,TRUE
2024-01-06,Mozambique,Lesotho,2,0,Friendly,Johannesburg,South Africa,TRUE
2024-01-06,United Arab Emirates,Oman,0,1,Friendly,Abu Dhabi,United Arab Emirates,FALSE
2024-01-06,Ivory Coast,Sierra Leone,5,1,Friendly,San-Pédro,Ivory Coast,FALSE
2024-01-06,Tunisia,Mauritania,0,0,Friendly,Radès,Tunisia,FALSE
2024-01-06,Mali,Guinea-Bissau,6,2,Friendly,Bamako,Mali,FALSE
2024-01-07,Uzbekistan,Palestine,1,0,Friendly,Doha,Qatar,TRUE
2024-01-07,Egypt,Tanzania,2,0,Friendly,Cairo,Egypt,FALSE
2024-01-08,Nigeria,Guinea,0,2,Friendly,Abu Dhabi,United Arab Emirates,TRUE
2024-01-08,Botswana,Mozambique,1,1,Friendly,Johannesburg,South Africa,TRUE
2024-01-08,Syria,Malaysia,2,2,Friendly,Doha,Qatar,TRUE
2024-01-08,Senegal,Niger,1,0,Friendly,Dakar,Senegal,FALSE
2024-01-08,Ghana,Namibia,0,0,Friendly,Kumasi,Ghana,FALSE
2024-01-09,Japan,Jordan,6,1,Friendly,Doha,Qatar,TRUE
2024-01-09,Kyrgyzstan,Vietnam,2,1,Friendly,Al Khor,Qatar,TRUE
2024-01-09,Zambia,Cameroon,1,1,Friendly,Jeddah,Saudi Arabia,TRUE
2024-01-09,Equatorial Guinea,Djibouti,1,1,Friendly,Malabo,Equatorial Guinea,FALSE
2024-01-09,Saudi Arabia,Palestine,0,0,Friendly,Al Wakrah,Qatar,TRUE
2024-01-09,Burundi,Algeria,0,4,Friendly,Lomé,Togo,TRUE
2024-01-09,Indonesia,Iran,0,5,Friendly,Al Rayyan,Qatar,TRUE
2024-01-10,South Africa,Lesotho,0,0,Friendly,Pretoria,South Africa,FALSE
2024-01-10,DR Congo,Burkina Faso,1,2,Friendly,Abu Dhabi,United Arab Emirates,TRUE
2024-01-10,Bahrain,Angola,0,3,Friendly,Dubai,United Arab Emirates,TRUE
2024-01-10,Saudi Arabia,Hong Kong,2,0,Friendly,Al Wakrah,Qatar,TRUE
2024-01-10,Tunisia,Cape Verde,2,0,Friendly,Radès,Tunisia,FALSE
2024-01-11,Morocco,Sierra Leone,3,1,Friendly,San-Pédro,Ivory Coast,TRUE
2024-01-12,Qatar,Lebanon,3,0,AFC Asian Cup,Lusail,Qatar,FALSE
2024-01-12,Kuwait,Libya,1,3,Friendly,Cairo,Egypt,TRUE
2024-01-12,Sweden,Estonia,2,1,Friendly,Paphos,Cyprus,TRUE
2024-01-13,China,Tajikistan,0,0,AFC Asian Cup,Doha,Qatar,TRUE
2024-01-13,Australia,India,2,0,AFC Asian Cup,Al Rayyan,Qatar,TRUE
2024-01-13,Uzbekistan,Syria,0,0,AFC Asian Cup,Doha,Qatar,TRUE
2024-01-13,Ivory Coast,Guinea-Bissau,2,0,African Cup of Nations,Ebimpé,Ivory Coast,FALSE
2024-01-13,Guatemala,Iceland,0,1,Friendly,Fort Lauderdale,United States,TRUE
2024-01-14,United Arab Emirates,Hong Kong,3,1,AFC Asian Cup,Al Rayyan,Qatar,TRUE
2024-01-14,Iran,Palestine,4,1,AFC Asian Cup,Al Rayyan,Qatar,TRUE
2024-01-14,Japan,Vietnam,4,2,AFC Asian Cup,Doha,Qatar,TRUE
2024-01-14,Nigeria,Equatorial Guinea,1,1,African Cup of Nations,Ebimpé,Ivory Coast,TRUE
2024-01-14,Egypt,Mozambique,2,2,African Cup of Nations,Abidjan,Ivory Coast,TRUE
2024-01-14,Ghana,Cape Verde,1,2,African Cup of Nations,Abidjan,Ivory Coast,TRUE
2024-01-15,Indonesia,Iraq,1,3,AFC Asian Cup,Doha,Qatar,TRUE
2024-01-15,South Korea,Bahrain,3,1,AFC Asian Cup,Doha,Qatar,TRUE
2024-01-15,Malaysia,Jordan,0,4,AFC Asian Cup,Al Wakrah,Qatar,TRUE
2024-01-15,Senegal,Gambia,3,0,African Cup of Nations,Yamoussoukro,Ivory Coast,TRUE
2024-01-15,Cameroon,Guinea,1,1,African Cup of Nations,Yamoussoukro,Ivory Coast,TRUE
2024-01-15,Algeria,Angola,1,1,African Cup of Nations,Bouaké,Ivory Coast,TRUE
2024-01-16,Thailand,Kyrgyzstan,2,0,AFC Asian Cup,Doha,Qatar,TRUE
2024-01-16,Saudi Arabia,Oman,2,1,AFC Asian Cup,Al Rayyan,Qatar,TRUE
2024-01-16,Burkina Faso,Mauritania,1,0,African Cup of Nations,Bouaké,Ivory Coast,TRUE
2024-01-16,Tunisia,Namibia,0,1,African Cup of Nations,Korhogo,Ivory Coast,TRUE
2024-01-16,Mali,South Africa,2,0,African Cup of Nations,Korhogo,Ivory Coast,TRUE
2024-01-17,Lebanon,China,0,0,AFC Asian Cup,Doha,Qatar,TRUE
2024-01-17,Qatar,Tajikistan,1,0,AFC Asian Cup,Al Khor,Qatar,FALSE
2024-01-17,Morocco,Tanzania,3,0,African Cup of Nations,San-Pédro,Ivory Coast,TRUE
2024-01-17,DR Congo,Zambia,1,1,African Cup of Nations,San-Pédro,Ivory Coast,TRUE
2024-01-17,Honduras,Iceland,0,2,Friendly,Fort Lauderdale,United States,TRUE
2024-01-18,Syria,Australia,0,1,AFC Asian Cup,Doha,Qatar,TRUE
2024-01-18,India,Uzbekistan,0,3,AFC Asian Cup,Al Rayyan,Qatar,TRUE
2024-01-18,Palestine,United Arab Emirates,1,1,AFC Asian Cup,Al Wakrah,Qatar,TRUE
2024-01-18,Equatorial Guinea,Guinea-Bissau,4,2,African Cup of Nations,Ebimpé,Ivory Coast,TRUE
2024-01-18,Ivory Coast,Nigeria,0,1,African Cup of Nations,Ebimpé,Ivory Coast,FALSE
2024-01-18,Egypt,Ghana,2,2,African Cup of Nations,Abidjan,Ivory Coast,TRUE
2024-01-19,Hong Kong,Iran,0,1,AFC Asian Cup,Al Rayyan,Qatar,TRUE
2024-01-19,Iraq,Japan,2,1,AFC Asian Cup,Al Rayyan,Qatar,TRUE
2024-01-19,Vietnam,Indonesia,0,1,AFC Asian Cup,Doha,Qatar,TRUE
2024-01-19,Cape Verde,Mozambique,3,0,African Cup of Nations,Abidjan,Ivory Coast,TRUE
2024-01-19,Senegal,Cameroon,3,1,African Cup of Nations,Yamoussoukro,Ivory Coast,TRUE
2024-01-19,Guinea,Gambia,1,0,African Cup of Nations,Yamoussoukro,Ivory Coast,TRUE
2024-01-19,Kuwait,Uganda,0,2,Friendly,Cairo,Egypt,TRUE
2024-01-20,Jordan,South Korea,2,2,AFC Asian Cup,Doha,Qatar,TRUE
2024-01-20,Bahrain,Malaysia,1,0,AFC Asian Cup,Doha,Qatar,TRUE
2024-01-20,Algeria,Burkina Faso,2,2,African Cup of Nations,Bouaké,Ivory Coast,TRUE
2024-01-20,Mauritania,Angola,2,3,African Cup of Nations,Bouaké,Ivory Coast,TRUE
2024-01-20,Tunisia,Mali,1,1,African Cup of Nations,Korhogo,Ivory Coast,TRUE
2024-01-20,United States,Slovenia,0,1,Friendly,San Antonio,United States,FALSE
2024-01-21,Oman,Thailand,0,0,AFC Asian Cup,Doha,Qatar,TRUE
2024-01-21,Kyrgyzstan,Saudi Arabia,0,2,AFC Asian Cup,Al Rayyan,Qatar,TRUE
2024-01-21,South Africa,Namibia,4,0,African Cup of Nations,Korhogo,Ivory Coast,TRUE
2024-01-21,Morocco,DR Congo,1,1,African Cup of Nations,San-Pédro,Ivory Coast,TRUE
2024-01-21,Zambia,Tanzania,1,1,African Cup of Nations,San-Pédro,Ivory Coast,TRUE
2024-01-22,Qatar,China,1,0,AFC Asian Cup,Al Rayyan,Qatar,FALSE
2024-01-22,Tajikistan,Lebanon,2,1,AFC Asian Cup,Doha,Qatar,TRUE
2024-01-22,Guinea-Bissau,Nigeria,0,1,African Cup of Nations,Abidjan,Ivory Coast,TRUE
2024-01-22,Ivory Coast,Equatorial Guinea,0,4,African Cup of Nations,Ebimpé,Ivory Coast,FALSE
2024-01-22,Cape Verde,Egypt,2,2,African Cup of Nations,Abidjan,Ivory Coast,TRUE
2024-01-22,Mozambique,Ghana,2,2,African Cup of Nations,Ebimpé,Ivory Coast,TRUE
2024-01-23,Australia,Uzbekistan,1,1,AFC Asian Cup,Al Wakrah,Qatar,TRUE
2024-01-23,Syria,India,1,0,AFC Asian Cup,Al Khor,Qatar,TRUE
2024-01-23,Hong Kong,Palestine,0,3,AFC Asian Cup,Doha,Qatar,TRUE
2024-01-23,Iran,United Arab Emirates,2,1,AFC Asian Cup,Al Rayyan,Qatar,TRUE
2024-01-23,Gambia,Cameroon,2,3,African Cup of Nations,Bouaké,Ivory Coast,TRUE
2024-01-23,Guinea,Senegal,0,2,African Cup of Nations,Yamoussoukro,Ivory Coast,TRUE
2024-01-23,Angola,Burkina Faso,2,0,African Cup of Nations,Yamoussoukro,Ivory Coast,TRUE
2024-01-23,Mauritania,Algeria,1,0,African Cup of Nations,Bouaké,Ivory Coast,TRUE
2024-01-24,Iraq,Vietnam,3,2,AFC Asian Cup,Doha,Qatar,TRUE
2024-01-24,Japan,Indonesia,3,1,AFC Asian Cup,Doha,Qatar,TRUE
2024-01-24,Namibia,Mali,0,0,African Cup of Nations,San-Pédro,Ivory Coast,TRUE
2024-01-24,South Africa,Tunisia,0,0,African Cup of Nations,Korhogo,Ivory Coast,TRUE
2024-01-24,Tanzania,DR Congo,0,0,African Cup of Nations,Korhogo,Ivory Coast,TRUE
2024-01-24,Zambia,Morocco,0,1,African Cup of Nations,San-Pédro,Ivory Coast,TRUE
2024-01-25,Jordan,Bahrain,0,1,AFC Asian Cup,Al Rayyan,Qatar,TRUE
2024-01-25,South Korea,Malaysia,3,3,AFC Asian Cup,Al Wakrah,Qatar,TRUE
2024-01-25,Kyrgyzstan,Oman,1,1,AFC Asian Cup,Doha,Qatar,TRUE
2024-01-25,Saudi Arabia,Thailand,0,0,AFC Asian Cup,Al Rayyan,Qatar,TRUE
2024-01-27,Angola,Namibia,3,0,African Cup of Nations,Bouaké,Ivory Coast,TRUE
2024-01-27,Nigeria,Cameroon,2,0,African Cup of Nations,Abidjan,Ivory Coast,TRUE
2024-01-28,Australia,Indonesia,4,0,AFC Asian Cup,Doha,Qatar,TRUE
2024-01-28,Tajikistan,United Arab Emirates,1,1,AFC Asian Cup,Al Rayyan,Qatar,TRUE
2024-01-28,Egypt,DR Congo,1,1,African Cup of Nations,San-Pédro,Ivory Coast,TRUE
2024-01-28,Equatorial Guinea,Guinea,0,1,African Cup of Nations,Ebimpé,Ivory Coast,TRUE
2024-01-29,Iraq,Jordan,2,3,AFC Asian Cup,Al Rayyan,Qatar,TRUE
2024-01-29,Qatar,Palestine,2,1,AFC Asian Cup,Al Khor,Qatar,FALSE
2024-01-29,Cape Verde,Mauritania,1,0,African Cup of Nations,Abidjan,Ivory Coast,TRUE
2024-01-29,Ivory Coast,Senegal,1,1,African Cup of Nations,Yamoussoukro,Ivory Coast,FALSE
2024-01-30,Saudi Arabia,South Korea,1,1,AFC Asian Cup,Al Rayyan,Qatar,TRUE
2024-01-30,Uzbekistan,Thailand,2,1,AFC Asian Cup,Al Wakrah,Qatar,TRUE
2024-01-30,Mali,Burkina Faso,2,1,African Cup of Nations,Korhogo,Ivory Coast,TRUE
2024-01-30,Morocco,South Africa,0,2,African Cup of Nations,San-Pédro,Ivory Coast,TRUE
2024-01-31,Bahrain,Japan,1,3,AFC Asian Cup,Doha,Qatar,TRUE
2024-01-31,Iran,Syria,1,1,AFC Asian Cup,Doha,Qatar,TRUE
2024-02-02,Australia,South Korea,1,2,AFC Asian Cup,Al Wakrah,Qatar,TRUE
2024-02-02,Tajikistan,Jordan,0,1,AFC Asian Cup,Al Rayyan,Qatar,TRUE
2024-02-02,DR Congo,Guinea,3,1,African Cup of Nations,Ebimpé,Ivory Coast,TRUE
2024-02-02,Nigeria,Angola,1,0,African Cup of Nations,Abidjan,Ivory Coast,TRUE
2024-02-03,Iran,Japan,2,1,AFC Asian Cup,Al Rayyan,Qatar,TRUE
2024-02-03,Qatar,Uzbekistan,1,1,AFC Asian Cup,Al Khor,Qatar,FALSE
2024-02-03,Cape Verde,South Africa,0,0,African Cup of Nations,Yamoussoukro,Ivory Coast,TRUE
2024-02-03,Ivory Coast,Mali,2,1,African Cup of Nations,Bouaké,Ivory Coast,FALSE
2024-02-03,Costa Rica,El Salvador,2,0,Friendly,San José,Costa Rica,FALSE
2024-02-06,Jordan,South Korea,2,0,AFC Asian Cup,Al Rayyan,Qatar,TRUE
2024-02-07,Qatar,Iran,3,2,AFC Asian Cup,Doha,Qatar,FALSE
2024-02-07,Ivory Coast,DR Congo,1,0,African Cup of Nations,Ebimpé,Ivory Coast,FALSE
2024-02-07,Nigeria,South Africa,1,1,African Cup of Nations,Bouaké,Ivory Coast,TRUE
2024-02-10,Qatar,Jordan,3,1,AFC Asian Cup,Lusail,Qatar,FALSE
2024-02-10,South Africa,DR Congo,0,0,African Cup of Nations,Abidjan,Ivory Coast,TRUE
2024-02-11,Ivory Coast,Nigeria,2,1,African Cup of Nations,Ebimpé,Ivory Coast,FALSE
2024-03-01,Trinidad and Tobago,Jamaica,0,1,Friendly,Port of Spain,Trinidad and Tobago,FALSE
2024-03-03,Trinidad and Tobago,Jamaica,0,0,Friendly,Arima,Trinidad and Tobago,FALSE
2024-03-14,Kazakhstan,Turkmenistan,2,0,Friendly,Dubai,United Arab Emirates,TRUE
2024-03-18,Solomon Islands,Fiji,2,1,Friendly,Honiara,Solomon Islands,FALSE
2024-03-20,Bonaire,El Salvador,1,1,Friendly,"Washington, D.C.",United States,TRUE
2024-03-20,San Marino,Saint Kitts and Nevis,1,3,Friendly,Serravalle,San Marino,FALSE
2024-03-20,Djibouti,Liberia,0,2,African Cup of Nations qualification,Marrakesh,Morocco,TRUE
2024-03-20,Somalia,Eswatini,0,3,African Cup of Nations qualification,El Jadida,Morocco,TRUE
2024-03-20,Tonga,Samoa,1,4,Oceania Nations Cup qualification,Nuku'alofa,Tonga,FALSE
2024-03-21,South Africa,Andorra,1,1,FIFA Series,Annaba,Algeria,TRUE
2024-03-21,Cape Verde,Guyana,1,0,FIFA Series,Jeddah,Saudi Arabia,TRUE
2024-03-21,Guinea,Vanuatu,6,0,FIFA Series,Jeddah,Saudi Arabia,TRUE
2024-03-21,Panama,Mexico,0,3,CONCACAF Nations League,Arlington,United States,TRUE
2024-03-21,United States,Jamaica,3,1,CONCACAF Nations League,Arlington,United States,FALSE
2024-03-21,Gibraltar,Lithuania,0,1,UEFA Nations League,Faro-Loulé,Portugal,TRUE
2024-03-21,Poland,Estonia,5,1,UEFA Euro qualification,Warsaw,Poland,FALSE
2024-03-21,Wales,Finland,4,1,UEFA Euro qualification,Cardiff,Wales,FALSE
2024-03-21,Israel,Iceland,1,4,UEFA Euro qualification,Budapest,Hungary,TRUE
2024-03-21,Bosnia and Herzegovina,Ukraine,1,2,UEFA Euro qualification,Zenica,Bosnia and Herzegovina,FALSE
2024-03-21,Georgia,Luxembourg,2,0,UEFA Euro qualification,Tbilisi,Georgia,FALSE
2024-03-21,Greece,Kazakhstan,5,0,UEFA Euro qualification,Athens,Greece,FALSE
2024-03-21,Qatar,Kuwait,3,0,FIFA World Cup qualification,Doha,Qatar,FALSE
2024-03-21,Afghanistan,India,0,0,FIFA World Cup qualification,Abha,Saudi Arabia,TRUE
2024-03-21,Myanmar,Syria,1,1,FIFA World Cup qualification,Yangon,Myanmar,FALSE
2024-03-21,Japan,North Korea,1,0,FIFA World Cup qualification,Tokyo,Japan,FALSE
2024-03-21,South Korea,Thailand,1,1,FIFA World Cup qualification,Seoul,South Korea,FALSE
2024-03-21,Singapore,China,2,2,FIFA World Cup qualification,Kallang,Singapore,FALSE
2024-03-21,Taiwan,Kyrgyzstan,0,2,FIFA World Cup qualification,Taipei,Taiwan,FALSE
2024-03-21,Oman,Malaysia,2,0,FIFA World Cup qualification,Muscat,Oman,FALSE
2024-03-21,Iran,Turkmenistan,5,0,FIFA World Cup qualification,Tehran,Iran,FALSE
2024-03-21,Hong Kong,Uzbekistan,0,2,FIFA World Cup qualification,Hong Kong,Hong Kong,FALSE
2024-03-21,Indonesia,Vietnam,1,0,FIFA World Cup qualification,Jakarta,Indonesia,FALSE
2024-03-21,Iraq,Philippines,1,0,FIFA World Cup qualification,Basra,Iraq,FALSE
2024-03-21,Pakistan,Jordan,0,3,FIFA World Cup qualification,Islamabad,Pakistan,FALSE
2024-03-21,Saudi Arabia,Tajikistan,1,0,FIFA World Cup qualification,Riyadh,Saudi Arabia,FALSE
2024-03-21,Bahrain,Nepal,5,0,FIFA World Cup qualification,Riffa,Bahrain,FALSE
2024-03-21,United Arab Emirates,Yemen,2,1,FIFA World Cup qualification,Abu Dhabi,United Arab Emirates,FALSE
2024-03-21,Australia,Lebanon,2,0,FIFA World Cup qualification,Sydney,Australia,FALSE
2024-03-21,Palestine,Bangladesh,5,0,FIFA World Cup qualification,Kuwait City,Kuwait,TRUE
2024-03-21,Belize,Puerto Rico,1,1,Friendly,Belmopan,Belize,FALSE
2024-03-21,Cyprus,Latvia,1,1,Friendly,Larnaca,Cyprus,FALSE
2024-03-21,Ecuador,Guatemala,2,0,Friendly,Harrison,United States,TRUE
2024-03-21,Ethiopia,Lesotho,1,2,Friendly,Addis Ababa,Ethiopia,FALSE
2024-03-21,Malta,Slovenia,2,2,Friendly,Ta' Qali,Malta,FALSE
2024-03-21,Montenegro,Belarus,2,0,Friendly,Antalya,Turkey,TRUE
2024-03-21,Portugal,Sweden,5,2,Friendly,Guimarães,Portugal,FALSE
2024-03-21,Solomon Islands,Fiji,0,2,Friendly,Honiara,Solomon Islands,FALSE
2024-03-21,Venezuela,Italy,1,2,Friendly,Fort Lauderdale,United States,TRUE
2024-03-22,Algeria,Bolivia,3,2,FIFA Series,Algiers,Algeria,FALSE
2024-03-22,Azerbaijan,Mongolia,1,0,FIFA Series,Baku,Azerbaijan,FALSE
2024-03-22,Bulgaria,Tanzania,1,0,FIFA Series,Baku,Azerbaijan,TRUE
2024-03-22,Egypt,New Zealand,1,0,FIFA Series,Cairo,Egypt,FALSE
2024-03-22,Equatorial Guinea,Cambodia,2,0,FIFA Series,Jeddah,Saudi Arabia,TRUE
2024-03-22,Brunei,Bermuda,0,2,FIFA Series,Jeddah,Saudi Arabia,TRUE
2024-03-22,Central African Republic,Bhutan,6,0,FIFA Series,Colombo,Sri Lanka,TRUE
2024-03-22,Sri Lanka,Papua New Guinea,0,0,FIFA Series,Colombo,Sri Lanka,FALSE
2024-03-22,Anguilla,Turks and Caicos Islands,0,0,FIFA World Cup qualification,The Valley,Anguilla,FALSE
2024-03-22,United States Virgin Islands,British Virgin Islands,1,1,FIFA World Cup qualification,Saint Croix,United States Virgin Islands,FALSE
2024-03-22,Albania,Chile,0,3,Friendly,Parma,Italy,TRUE
2024-03-22,Argentina,El Salvador,3,0,Friendly,Philadelphia,United States,TRUE
2024-03-22,Armenia,Kosovo,0,1,Friendly,Yerevan,Armenia,FALSE
2024-03-22,Burkina Faso,Libya,1,2,Friendly,Casablanca,Morocco,TRUE
2024-03-22,Comoros,Uganda,4,0,Friendly,Marrakesh,Morocco,TRUE
2024-03-22,Hungary,Turkey,1,0,Friendly,Budapest,Hungary,FALSE
2024-03-22,Liechtenstein,Faroe Islands,0,4,Friendly,San Pedro Alcántara,Spain,TRUE
2024-03-22,Mauritania,Mali,0,2,Friendly,Marrakesh,Morocco,TRUE
2024-03-22,Morocco,Angola,1,0,Friendly,Agadir,Morocco,FALSE
2024-03-22,Netherlands,Scotland,4,0,Friendly,Amsterdam,Netherlands,FALSE
2024-03-22,Niger,Togo,1,2,Friendly,Mohammedia,Morocco,TRUE
2024-03-22,Nigeria,Ghana,2,1,Friendly,Marrakesh,Morocco,TRUE
2024-03-22,North Macedonia,Moldova,1,1,Friendly,Antalya,Turkey,TRUE
2024-03-22,Norway,Czech Republic,1,2,Friendly,Oslo,Norway,FALSE
2024-03-22,Peru,Nicaragua,2,0,Friendly,Lima,Peru,FALSE
2024-03-22,Romania,Northern Ireland,1,1,Friendly,Bucharest,Romania,FALSE
2024-03-22,Senegal,Gabon,3,0,Friendly,Amiens,France,TRUE
2024-03-22,Spain,Colombia,0,1,Friendly,London,England,TRUE
2024-03-22,Chad,Mauritius,1,0,African Cup of Nations qualification,Yaoundé,Cameroon,TRUE
2024-03-22,São Tomé and Príncipe,South Sudan,1,1,African Cup of Nations qualification,Berkane,Morocco,TRUE
2024-03-23,Tunisia,Croatia,0,0,FIFA Series,Cairo,Egypt,TRUE
2024-03-23,Canada,Trinidad and Tobago,2,0,Copa América qualification,Frisco,United States,TRUE
2024-03-23,Costa Rica,Honduras,3,1,Copa América qualification,Frisco,United States,TRUE
2024-03-23,Denmark,Switzerland,0,0,Friendly,Copenhagen,Denmark,FALSE
2024-03-23,Dominican Republic,Aruba,2,0,Friendly,Santiago de los Caballeros,Dominican Republic,FALSE
2024-03-23,England,Brazil,0,1,Friendly,London,England,FALSE
2024-03-23,France,Germany,0,2,Friendly,Lyon,France,FALSE
2024-03-23,Ivory Coast,Benin,2,2,Friendly,Amiens,France,TRUE
2024-03-23,Republic of Ireland,Belgium,0,0,Friendly,Dublin,Republic of Ireland,FALSE
2024-03-23,Slovakia,Austria,0,2,Friendly,Bratislava,Slovakia,FALSE
2024-03-23,Samoa,Cook Islands,1,0,Oceania Nations Cup qualification,Nuku'alofa,Tonga,TRUE
2024-03-24,Jamaica,Panama,1,0,CONCACAF Nations League,Arlington,United States,TRUE
2024-03-24,United States,Mexico,2,0,CONCACAF Nations League,Arlington,United States,FALSE
2024-03-24,Belize,Puerto Rico,3,0,Friendly,Belmopan,Belize,FALSE
2024-03-24,Ecuador,Italy,0,2,Friendly,Harrison,United States,TRUE
2024-03-24,Ethiopia,Lesotho,2,1,Friendly,Addis Ababa,Ethiopia,FALSE
2024-03-24,Guatemala,Venezuela,0,0,Friendly,Houston,United States,TRUE
2024-03-24,San Marino,Saint Kitts and Nevis,0,0,Friendly,Serravalle,San Marino,FALSE
2024-03-24,Suriname,Martinique,1,1,Friendly,Almere,Netherlands,TRUE
2024-03-25,Bolivia,Andorra,1,0,FIFA Series,Annaba,Algeria,TRUE
2024-03-25,Azerbaijan,Bulgaria,1,1,FIFA Series,Baku,Azerbaijan,FALSE
2024-03-25,Tanzania,Mongolia,3,0,FIFA Series,Baku,Azerbaijan,TRUE
2024-03-25,Cape Verde,Equatorial Guinea,1,0,FIFA Series,Jeddah,Saudi Arabia,TRUE
2024-03-25,Bermuda,Guinea,1,5,FIFA Series,Jeddah,Saudi Arabia,TRUE
2024-03-25,Central African Republic,Papua New Guinea,4,0,FIFA Series,Colombo,Sri Lanka,TRUE
2024-03-25,Sri Lanka,Bhutan,2,0,FIFA Series,Colombo,Sri Lanka,FALSE
2024-03-25,Comoros,Angola,0,0,Friendly,Marrakesh,Morocco,TRUE
2024-03-25,Cyprus,Serbia,0,1,Friendly,Larnaca,Cyprus,FALSE
2024-03-25,Gabon,Congo,1,1,Friendly,Chambly,France,TRUE
2024-03-25,Montenegro,North Macedonia,1,0,Friendly,Antalya,Turkey,TRUE
2024-03-25,Sweden,Albania,1,0,Friendly,Stockholm,Sweden,FALSE
2024-03-26,Algeria,South Africa,3,3,FIFA Series,Algiers,Algeria,FALSE
2024-03-26,Egypt,Croatia,2,4,FIFA Series,Cairo,Egypt,FALSE
2024-03-26,New Zealand,Tunisia,0,0,FIFA Series,Cairo,Egypt,TRUE
2024-03-26,Cambodia,Guyana,1,4,FIFA Series,Jeddah,Saudi Arabia,TRUE
2024-03-26,Brunei,Vanuatu,3,2,FIFA Series,Jeddah,Saudi Arabia,TRUE
2024-03-26,Lithuania,Gibraltar,1,0,UEFA Nations League,Kaunas,Lithuania,FALSE
2024-03-26,Wales,Poland,0,0,UEFA Euro qualification,Cardiff,Wales,FALSE
2024-03-26,Ukraine,Iceland,2,1,UEFA Euro qualification,Wrocław,Poland,TRUE
2024-03-26,Georgia,Greece,0,0,UEFA Euro qualification,Tbilisi,Georgia,FALSE
2024-03-26,India,Afghanistan,1,2,FIFA World Cup qualification,Guwahati,India,FALSE
2024-03-26,Kuwait,Qatar,1,2,FIFA World Cup qualification,Al Farwaniyah,Kuwait,FALSE
2024-03-26,Syria,Myanmar,7,0,FIFA World Cup qualification,Dammam,Saudi Arabia,TRUE
2024-03-26,Thailand,South Korea,0,3,FIFA World Cup qualification,Bangkok,Thailand,FALSE
2024-03-26,China,Singapore,4,1,FIFA World Cup qualification,Tianjin,China,FALSE
2024-03-26,Kyrgyzstan,Taiwan,5,1,FIFA World Cup qualification,Bishkek,Kyrgyzstan,FALSE
2024-03-26,Malaysia,Oman,0,2,FIFA World Cup qualification,Kuala Lumpur,Malaysia,FALSE
2024-03-26,Uzbekistan,Hong Kong,3,0,FIFA World Cup qualification,Tashkent,Uzbekistan,FALSE
2024-03-26,Turkmenistan,Iran,0,1,FIFA World Cup qualification,Ashgabat,Turkmenistan,FALSE
2024-03-26,Philippines,Iraq,0,5,FIFA World Cup qualification,Manila,Philippines,FALSE
2024-03-26,Vietnam,Indonesia,0,3,FIFA World Cup qualification,Hanoi,Vietnam,FALSE
2024-03-26,Tajikistan,Saudi Arabia,1,1,FIFA World Cup qualification,Dushanbe,Tajikistan,FALSE
2024-03-26,Jordan,Pakistan,7,0,FIFA World Cup qualification,Amman,Jordan,FALSE
2024-03-26,Bahrain,Nepal,3,0,FIFA World Cup qualification,Riffa,Bahrain,FALSE
2024-03-26,Yemen,United Arab Emirates,0,3,FIFA World Cup qualification,Khobar,Saudi Arabia,TRUE
2024-03-26,Bangladesh,Palestine,0,1,FIFA World Cup qualification,Dhaka,Bangladesh,FALSE
2024-03-26,Australia,Lebanon,5,0,FIFA World Cup qualification,Canberra,Australia,FALSE
2024-03-26,British Virgin Islands,United States Virgin Islands,0,0,FIFA World Cup qualification,Road Town,British Virgin Islands,FALSE
2024-03-26,Turks and Caicos Islands,Anguilla,1,1,FIFA World Cup qualification,Providenciales,Turks and Caicos Islands,FALSE
2024-03-26,Argentina,Costa Rica,3,1,Friendly,Los Angeles,United States,TRUE
2024-03-26,Austria,Turkey,6,1,Friendly,Vienna,Austria,FALSE
2024-03-26,Colombia,Romania,3,2,Friendly,Madrid,Spain,TRUE
2024-03-26,Czech Republic,Armenia,2,1,Friendly,Prague,Czech Republic,FALSE
2024-03-26,Denmark,Faroe Islands,2,0,Friendly,Brondbyvester,Denmark,FALSE
2024-03-26,El Salvador,Honduras,1,1,Friendly,Los Angeles,United States,TRUE
2024-03-26,England,Belgium,2,2,Friendly,London,England,FALSE
2024-03-26,France,Chile,3,2,Friendly,Marseille,France,FALSE
2024-03-26,Germany,Netherlands,2,1,Friendly,Frankfurt,Germany,FALSE
2024-03-26,Hungary,Kosovo,2,0,Friendly,Budapest,Hungary,FALSE
2024-03-26,Ivory Coast,Uruguay,2,1,Friendly,Lens,France,TRUE
2024-03-26,Latvia,Liechtenstein,1,1,Friendly,Larnaca,Cyprus,TRUE
2024-03-26,Malta,Belarus,0,0,Friendly,Ta' Qali,Malta,FALSE
2024-03-26,Morocco,Mauritania,0,0,Friendly,Agadir,Morocco,FALSE
2024-03-26,Nicaragua,Cuba,0,1,Friendly,Managua,Nicaragua,FALSE
2024-03-26,Norway,Slovakia,1,1,Friendly,Oslo,Norway,FALSE
2024-03-26,Peru,Dominican Republic,4,1,Friendly,Lima,Peru,FALSE
2024-03-26,Republic of Ireland,Switzerland,0,1,Friendly,Dublin,Republic of Ireland,FALSE
2024-03-26,Scotland,Northern Ireland,0,1,Friendly,Glasgow,Scotland,FALSE
2024-03-26,Senegal,Benin,1,0,Friendly,Amiens,France,TRUE
2024-03-26,Slovenia,Portugal,2,0,Friendly,Ljubljana,Slovenia,FALSE
2024-03-26,Spain,Brazil,3,3,Friendly,Madrid,Spain,FALSE
2024-03-26,Finland,Estonia,2,1,Friendly,Helsinki,Finland,FALSE
2024-03-26,Liberia,Djibouti,0,0,African Cup of Nations qualification,Monrovia,Liberia,FALSE
2024-03-26,Eswatini,Somalia,2,2,African Cup of Nations qualification,Mbombela,South Africa,TRUE
2024-03-26,Mauritius,Chad,1,2,African Cup of Nations qualification,Saint Pierre,Mauritius,FALSE
2024-03-26,South Sudan,São Tomé and Príncipe,0,0,African Cup of Nations qualification,Berkane,Morocco,TRUE
2024-03-26,Tonga,Cook Islands,0,1,Oceania Nations Cup qualification,Nuku'alofa,Tonga,FALSE
2024-04-06,Northern Mariana Islands,Guam,2,2,Marianas Cup,Koblerville,Northern Mariana Islands,FALSE
2024-04-07,Northern Mariana Islands,Guam,2,1,Marianas Cup,Koblerville,Northern Mariana Islands,FALSE
2024-04-14,Trinidad and Tobago,Guyana,2,1,Friendly,Port of Spain,Trinidad and Tobago,FALSE
2024-04-16,Trinidad and Tobago,Guyana,2,0,Friendly,Port of Spain,Trinidad and Tobago,FALSE
2024-04-26,Grenada,Saint Vincent and the Grenadines,0,3,Friendly,Carriacou,Grenada,FALSE
2024-04-26,Guatemala,Nicaragua,1,1,Friendly,San Jose,United States,TRUE
2024-05-21,Galicia,Panama,0,2,Friendly,Vigo,Spain,FALSE
2024-05-21,Basque Country,Uruguay,1,1,Friendly,Bilbao,Spain,FALSE
2024-05-31,Bolivia,Mexico,0,1,Friendly,Chicago,United States,TRUE
2024-05-31,Costa Rica,Uruguay,0,0,Friendly,San José,Costa Rica,FALSE
2024-06-01,Greenland,Turkmenistan,0,5,Friendly,Antalya,Turkey,TRUE
2024-06-02,Indonesia,Tanzania,0,0,Friendly,Jakarta,Indonesia,FALSE
2024-06-03,Albania,Liechtenstein,3,0,Friendly,Szombathely,Hungary,TRUE
2024-06-03,Croatia,North Macedonia,3,0,Friendly,Rijeka,Croatia,FALSE
2024-06-03,England,Bosnia and Herzegovina,3,0,Friendly,Newcastle,England,FALSE
2024-06-03,Germany,Ukraine,0,0,Friendly,Nuremberg,Germany,FALSE
2024-06-03,Gibraltar,Scotland,0,2,Friendly,Faro-Loulé,Portugal,TRUE
2024-06-04,Austria,Serbia,2,1,Friendly,Vienna,Austria,FALSE
2024-06-04,Italy,Turkey,0,0,Friendly,Bologna,Italy,FALSE
2024-06-04,Portugal,Finland,4,2,Friendly,Lisbon,Portugal,FALSE
2024-06-04,Republic of Ireland,Hungary,2,1,Friendly,Dublin,Republic of Ireland,FALSE
2024-06-04,Romania,Bulgaria,0,0,Friendly,Bucharest,Romania,FALSE
2024-06-04,Slovenia,Armenia,2,1,Friendly,Ljubljana,Slovenia,FALSE
2024-06-04,Switzerland,Estonia,4,0,Friendly,Lucerne,Switzerland,FALSE
2024-06-05,Belgium,Montenegro,2,0,Friendly,Brussels,Belgium,FALSE
2024-06-05,Denmark,Sweden,2,1,Friendly,Copenhagen,Denmark,FALSE
2024-06-05,France,Luxembourg,3,0,Friendly,Metz,France,FALSE
2024-06-05,Mexico,Uruguay,0,4,Friendly,Denver,United States,TRUE
2024-06-05,Norway,Kosovo,3,0,Friendly,Oslo,Norway,FALSE
2024-06-05,San Marino,Slovakia,0,4,Friendly,Wiener Neustadt,Austria,TRUE
2024-06-05,Spain,Andorra,5,0,Friendly,Badajoz,Spain,FALSE
2024-06-05,Sierra Leone,Djibouti,2,1,FIFA World Cup qualification,El Jadida,Morocco,TRUE
2024-06-05,Togo,South Sudan,1,1,FIFA World Cup qualification,Lomé,Togo,FALSE
2024-06-05,Namibia,Liberia,1,1,FIFA World Cup qualification,Johannesburg,South Africa,TRUE
2024-06-05,Tunisia,Equatorial Guinea,1,0,FIFA World Cup qualification,Radès,Tunisia,FALSE
2024-06-05,Central African Republic,Chad,1,0,FIFA World Cup qualification,Oujda,Morocco,TRUE
2024-06-05,Antigua and Barbuda,Bermuda,1,1,FIFA World Cup qualification,Piggotts,Antigua and Barbuda,FALSE
2024-06-05,Trinidad and Tobago,Grenada,2,2,FIFA World Cup qualification,Port of Spain,Trinidad and Tobago,FALSE
2024-06-05,Curaçao,Barbados,4,1,FIFA World Cup qualification,Willemstad,Curaçao,FALSE
2024-06-05,Nicaragua,Montserrat,4,1,FIFA World Cup qualification,Managua,Nicaragua,FALSE
2024-06-05,Guatemala,Dominica,6,0,FIFA World Cup qualification,Guatemala City,Guatemala,FALSE
2024-06-05,Suriname,Saint Vincent and the Grenadines,4,1,FIFA World Cup qualification,Paramaribo,Suriname,FALSE
2024-06-06,Gibraltar,Wales,0,0,Friendly,Faro-Loulé,Portugal,TRUE
2024-06-06,Netherlands,Canada,4,0,Friendly,Rotterdam,Netherlands,FALSE
2024-06-06,Guinea-Bissau,Ethiopia,0,0,FIFA World Cup qualification,Bissau,Guinea-Bissau,FALSE
2024-06-06,Egypt,Burkina Faso,2,1,FIFA World Cup qualification,Cairo,Egypt,FALSE
2024-06-06,Mauritania,Sudan,0,2,FIFA World Cup qualification,Nouakchott,Mauritania,FALSE
2024-06-06,Senegal,DR Congo,1,1,FIFA World Cup qualification,Diamniadio,Senegal,FALSE
2024-06-06,Benin,Rwanda,1,0,FIFA World Cup qualification,Abidjan,Ivory Coast,TRUE
2024-06-06,Libya,Mauritius,2,1,FIFA World Cup qualification,Benghazi,Libya,FALSE
2024-06-06,Algeria,Guinea,1,2,FIFA World Cup qualification,Algiers,Algeria,FALSE
2024-06-06,Malawi,São Tomé and Príncipe,3,1,FIFA World Cup qualification,Lilongwe,Malawi,FALSE
2024-06-06,Mali,Ghana,1,2,FIFA World Cup qualification,Bamako,Mali,FALSE
2024-06-06,Afghanistan,Qatar,0,0,FIFA World Cup qualification,Al Hofuf,Saudi Arabia,TRUE
2024-06-06,India,Kuwait,0,0,FIFA World Cup qualification,Kolkata,India,FALSE
2024-06-06,Myanmar,Japan,0,5,FIFA World Cup qualification,Yangon,Myanmar,FALSE
2024-06-06,North Korea,Syria,1,0,FIFA World Cup qualification,Vientiane,Laos,TRUE
2024-06-06,China,Thailand,1,1,FIFA World Cup qualification,Shenyang,China,FALSE
2024-06-06,Singapore,South Korea,0,7,FIFA World Cup qualification,Kallang,Singapore,FALSE
2024-06-06,Taiwan,Oman,0,3,FIFA World Cup qualification,Taipei,Taiwan,FALSE
2024-06-06,Kyrgyzstan,Malaysia,1,1,FIFA World Cup qualification,Bishkek,Kyrgyzstan,FALSE
2024-06-06,Uzbekistan,Turkmenistan,3,1,FIFA World Cup qualification,Tashkent,Uzbekistan,FALSE
2024-06-06,Hong Kong,Iran,2,4,FIFA World Cup qualification,Hong Kong,Hong Kong,FALSE
2024-06-06,Indonesia,Iraq,0,2,FIFA World Cup qualification,Jakarta,Indonesia,FALSE
2024-06-06,Vietnam,Philippines,3,2,FIFA World Cup qualification,Hanoi,Vietnam,FALSE
2024-06-06,Jordan,Tajikistan,3,0,FIFA World Cup qualification,Amman,Jordan,FALSE
2024-06-06,Pakistan,Saudi Arabia,0,3,FIFA World Cup qualification,Islamabad,Pakistan,FALSE
2024-06-06,Nepal,United Arab Emirates,0,4,FIFA World Cup qualification,Dammam,Saudi Arabia,TRUE
2024-06-06,Bahrain,Yemen,0,0,FIFA World Cup qualification,Riffa,Bahrain,FALSE
2024-06-06,Bangladesh,Australia,0,2,FIFA World Cup qualification,Dhaka,Bangladesh,FALSE
2024-06-06,Palestine,Lebanon,0,0,FIFA World Cup qualification,Doha,Qatar,TRUE
2024-06-06,Honduras,Cuba,3,1,FIFA World Cup qualification,Tegucigalpa,Honduras,FALSE
2024-06-06,Costa Rica,Saint Kitts and Nevis,4,0,FIFA World Cup qualification,San José,Costa Rica,FALSE
2024-06-06,Haiti,Saint Lucia,2,1,FIFA World Cup qualification,Bridgetown,Barbados,TRUE
2024-06-06,Panama,Guyana,2,0,FIFA World Cup qualification,Panama City,Panama,FALSE
2024-06-06,Jamaica,Dominican Republic,1,0,FIFA World Cup qualification,Kingston,Jamaica,FALSE
2024-06-06,El Salvador,Puerto Rico,0,0,FIFA World Cup qualification,San Salvador,El Salvador,FALSE
2024-06-07,Albania,Azerbaijan,3,1,Friendly,Szombathely,Hungary,TRUE
2024-06-07,Armenia,Kazakhstan,2,1,Friendly,Yerevan,Armenia,FALSE
2024-06-07,Belarus,Russia,0,4,Friendly,Minsk,Belarus,FALSE
2024-06-07,Cambodia,Mongolia,2,0,Friendly,Phnom Penh,Cambodia,FALSE
2024-06-07,Czech Republic,Malta,7,1,Friendly,Grödig,Austria,TRUE
2024-06-07,England,Iceland,0,1,Friendly,London,England,FALSE
2024-06-07,Germany,Greece,2,1,Friendly,Mönchengladbach,Germany,FALSE
2024-06-07,Peru,Paraguay,0,0,Friendly,Lima,Peru,FALSE
2024-06-07,Poland,Ukraine,3,1,Friendly,Warsaw,Poland,FALSE
2024-06-07,Romania,Liechtenstein,0,0,Friendly,Bucharest,Romania,FALSE
2024-06-07,Scotland,Finland,2,2,Friendly,Glasgow,Scotland,FALSE
2024-06-07,Zimbabwe,Lesotho,0,2,FIFA World Cup qualification,Johannesburg,South Africa,TRUE
2024-06-07,Nigeria,South Africa,1,1,FIFA World Cup qualification,Uyo,Nigeria,FALSE
2024-06-07,Angola,Eswatini,1,0,FIFA World Cup qualification,Luanda,Angola,FALSE
2024-06-07,Morocco,Zambia,2,1,FIFA World Cup qualification,Agadir,Morocco,FALSE
2024-06-07,Kenya,Burundi,1,1,FIFA World Cup qualification,Lilongwe,Malawi,TRUE
2024-06-07,Ivory Coast,Gabon,1,0,FIFA World Cup qualification,Korhogo,Ivory Coast,FALSE
2024-06-07,Mozambique,Somalia,2,1,FIFA World Cup qualification,Maputo,Mozambique,FALSE
2024-06-07,Uganda,Botswana,1,0,FIFA World Cup qualification,Kira,Uganda,FALSE
2024-06-07,Madagascar,Comoros,2,1,FIFA World Cup qualification,Johannesburg,South Africa,TRUE
2024-06-08,Brunei,Sri Lanka,1,0,Friendly,Bandar Seri Begawan,Brunei,FALSE
2024-06-08,Latvia,Lithuania,0,2,Baltic Cup,Liepāja,Latvia,FALSE
2024-06-08,Estonia,Faroe Islands,4,1,Baltic Cup,Tallinn,Estonia,FALSE
2024-06-08,Belgium,Luxembourg,3,0,Friendly,Brussels,Belgium,FALSE
2024-06-08,Denmark,Norway,3,1,Friendly,Brondbyvester,Denmark,FALSE
2024-06-08,Hungary,Israel,3,0,Friendly,Debrecen,Hungary,FALSE
2024-06-08,Mexico,Brazil,2,3,Friendly,College Station,United States,TRUE
2024-06-08,Moldova,Cyprus,3,2,Friendly,Chișinău,Moldova,FALSE
2024-06-08,Portugal,Croatia,1,2,Friendly,Oeiras,Portugal,FALSE
2024-06-08,Slovenia,Bulgaria,1,1,Friendly,Ljubljana,Slovenia,FALSE
2024-06-08,Spain,Northern Ireland,5,1,Friendly,Mallorca,Spain,FALSE
2024-06-08,Sweden,Serbia,0,3,Friendly,Stockholm,Sweden,FALSE
2024-06-08,Switzerland,Austria,1,1,Friendly,St. Gallen,Switzerland,FALSE
2024-06-08,United States,Colombia,1,5,Friendly,Landover,United States,FALSE
2024-06-08,Cameroon,Cape Verde,4,1,FIFA World Cup qualification,Yaoundé,Cameroon,FALSE
2024-06-08,Gambia,Seychelles,5,1,FIFA World Cup qualification,Berkane,Morocco,TRUE
2024-06-08,Cayman Islands,Antigua and Barbuda,1,0,FIFA World Cup qualification,George Town,Cayman Islands,FALSE
2024-06-08,Bahamas,Trinidad and Tobago,1,7,FIFA World Cup qualification,Basseterre,Saint Kitts and Nevis,TRUE
2024-06-08,Aruba,Curaçao,0,2,FIFA World Cup qualification,Oranjestad,Aruba,FALSE
2024-06-08,Belize,Nicaragua,0,4,FIFA World Cup qualification,Belmopan,Belize,FALSE
2024-06-08,British Virgin Islands,Guatemala,0,3,FIFA World Cup qualification,Road Town,British Virgin Islands,FALSE
2024-06-08,Anguilla,Suriname,0,4,FIFA World Cup qualification,The Valley,Anguilla,FALSE
2024-06-09,Argentina,Ecuador,1,0,Friendly,Chicago,United States,TRUE
2024-06-09,France,Canada,0,0,Friendly,Bordeaux,France,FALSE
2024-06-09,Italy,Bosnia and Herzegovina,1,0,Friendly,Empoli,Italy,FALSE
2024-06-09,Montenegro,Georgia,1,3,Friendly,Podgorica,Montenegro,FALSE
2024-06-09,Slovakia,Wales,4,0,Friendly,Trnava,Slovakia,FALSE
2024-06-09,Djibouti,Ethiopia,1,1,FIFA World Cup qualification,El Jadida,Morocco,TRUE
2024-06-09,Mauritania,Senegal,0,1,FIFA World Cup qualification,Nouakchott,Mauritania,FALSE
2024-06-09,DR Congo,Togo,1,0,FIFA World Cup qualification,Kinshasa,DR Congo,FALSE
2024-06-09,São Tomé and Príncipe,Liberia,0,1,FIFA World Cup qualification,Oujda,Morocco,TRUE
2024-06-09,Namibia,Tunisia,0,0,FIFA World Cup qualification,Johannesburg,South Africa,TRUE
2024-06-09,Bermuda,Honduras,1,6,FIFA World Cup qualification,Hamilton,Bermuda,FALSE
2024-06-09,Grenada,Costa Rica,0,3,FIFA World Cup qualification,St. George's,Grenada,FALSE
2024-06-09,Barbados,Haiti,1,3,FIFA World Cup qualification,Bridgetown,Barbados,FALSE
2024-06-09,Montserrat,Panama,1,3,FIFA World Cup qualification,Managua,Nicaragua,TRUE
2024-06-09,Dominica,Jamaica,2,3,FIFA World Cup qualification,Roseau,Dominica,FALSE
2024-06-09,Saint Vincent and the Grenadines,El Salvador,1,3,FIFA World Cup qualification,Paramaribo,Suriname,TRUE
2024-06-10,Czech Republic,North Macedonia,2,1,Friendly,Hradec Králové,Czech Republic,FALSE
2024-06-10,Netherlands,Iceland,4,0,Friendly,Rotterdam,Netherlands,FALSE
2024-06-10,Poland,Turkey,2,1,Friendly,Warsaw,Poland,FALSE
2024-06-10,Guinea-Bissau,Egypt,1,1,FIFA World Cup qualification,Bissau,Guinea-Bissau,FALSE
2024-06-10,Burkina Faso,Sierra Leone,2,2,FIFA World Cup qualification,Bamako,Mali,TRUE
2024-06-10,Benin,Nigeria,2,1,FIFA World Cup qualification,Abidjan,Ivory Coast,TRUE
2024-06-10,Somalia,Botswana,1,3,FIFA World Cup qualification,Maputo,Mozambique,TRUE
2024-06-10,Uganda,Algeria,1,2,FIFA World Cup qualification,Kira,Uganda,FALSE
2024-06-10,Guinea,Mozambique,0,1,FIFA World Cup qualification,El Jadida,Morocco,TRUE
2024-06-10,Equatorial Guinea,Malawi,1,0,FIFA World Cup qualification,Malabo,Equatorial Guinea,FALSE
2024-06-10,Ghana,Central African Republic,4,3,FIFA World Cup qualification,Kumasi,Ghana,FALSE
2024-06-11,Latvia,Faroe Islands,1,0,Baltic Cup,Liepāja,Latvia,FALSE
2024-06-11,Lithuania,Estonia,1,1,Baltic Cup,Kaunas,Lithuania,FALSE
2024-06-11,Brunei,Sri Lanka,1,0,Friendly,Bandar Seri Begawan,Brunei,FALSE
2024-06-11,Andorra,Northern Ireland,0,2,Friendly,Murcia,Spain,TRUE
2024-06-11,Azerbaijan,Kazakhstan,3,2,Friendly,Szombathely,Hungary,TRUE
2024-06-11,Chile,Paraguay,3,0,Friendly,Santiago,Chile,FALSE
2024-06-11,Greece,Malta,2,0,Friendly,Grödig,Austria,TRUE
2024-06-11,Israel,Belarus,4,0,Friendly,Budapest,Hungary,TRUE
2024-06-11,Moldova,Ukraine,0,4,Friendly,Chișinău,Moldova,FALSE
2024-06-11,Mongolia,Cambodia,2,1,Friendly,Ulaanbaatar,Mongolia,FALSE
2024-06-11,Portugal,Republic of Ireland,3,0,Friendly,Aveiro,Portugal,FALSE
2024-06-11,San Marino,Cyprus,1,4,Friendly,Serravalle,San Marino,FALSE
2024-06-11,South Sudan,Sudan,0,3,FIFA World Cup qualification,Juba,South Sudan,FALSE
2024-06-11,Lesotho,Rwanda,0,1,FIFA World Cup qualification,Durban,South Africa,TRUE
2024-06-11,South Africa,Zimbabwe,3,1,FIFA World Cup qualification,Bloemfontein,South Africa,FALSE
2024-06-11,Cape Verde,Libya,1,0,FIFA World Cup qualification,Praia,Cape Verde,FALSE
2024-06-11,Mauritius,Eswatini,2,1,FIFA World Cup qualification,Saint Pierre,Mauritius,FALSE
2024-06-11,Angola,Cameroon,1,1,FIFA World Cup qualification,Luanda,Angola,FALSE
2024-06-11,Zambia,Tanzania,0,1,FIFA World Cup qualification,Ndola,Zambia,FALSE
2024-06-11,Morocco,Congo,6,0,FIFA World Cup qualification,Agadir,Morocco,FALSE
2024-06-11,Kenya,Ivory Coast,0,0,FIFA World Cup qualification,Lilongwe,Malawi,TRUE
2024-06-11,Gabon,Gambia,3,2,FIFA World Cup qualification,Franceville,Gabon,FALSE
2024-06-11,Seychelles,Burundi,1,3,FIFA World Cup qualification,Berkane,Morocco,TRUE
2024-06-11,Madagascar,Mali,0,0,FIFA World Cup qualification,Johannesburg,South Africa,TRUE
2024-06-11,Chad,Comoros,0,2,FIFA World Cup qualification,Oujda,Morocco,TRUE
2024-06-11,Kuwait,Afghanistan,1,0,FIFA World Cup qualification,Kuwait City,Kuwait,FALSE
2024-06-11,Qatar,India,2,1,FIFA World Cup qualification,Al Rayyan,Qatar,FALSE
2024-06-11,Japan,Syria,5,0,FIFA World Cup qualification,Hiroshima,Japan,FALSE
2024-06-11,North Korea,Myanmar,4,1,FIFA World Cup qualification,Vientiane,Laos,TRUE
2024-06-11,Thailand,Singapore,3,1,FIFA World Cup qualification,Bangkok,Thailand,FALSE
2024-06-11,South Korea,China,1,0,FIFA World Cup qualification,Seoul,South Korea,FALSE
2024-06-11,Oman,Kyrgyzstan,1,1,FIFA World Cup qualification,Muscat,Oman,FALSE
2024-06-11,Malaysia,Taiwan,3,1,FIFA World Cup qualification,Kuala Lumpur,Malaysia,FALSE
2024-06-11,Turkmenistan,Hong Kong,0,0,FIFA World Cup qualification,Ashgabat,Turkmenistan,FALSE
2024-06-11,Iran,Uzbekistan,0,0,FIFA World Cup qualification,Tehran,Iran,FALSE
2024-06-11,Indonesia,Philippines,2,0,FIFA World Cup qualification,Jakarta,Indonesia,FALSE
2024-06-11,Iraq,Vietnam,3,1,FIFA World Cup qualification,Basra,Iraq,FALSE
2024-06-11,Tajikistan,Pakistan,3,0,FIFA World Cup qualification,Dushanbe,Tajikistan,FALSE
2024-06-11,Saudi Arabia,Jordan,1,2,FIFA World Cup qualification,Riyadh,Saudi Arabia,FALSE
2024-06-11,United Arab Emirates,Bahrain,1,1,FIFA World Cup qualification,Dubai,United Arab Emirates,FALSE
2024-06-11,Yemen,Nepal,2,2,FIFA World Cup qualification,Dammam,Saudi Arabia,TRUE
2024-06-11,Lebanon,Bangladesh,4,0,FIFA World Cup qualification,Al Rayyan,Qatar,TRUE
2024-06-11,Australia,Palestine,5,0,FIFA World Cup qualification,Perth,Australia,FALSE
2024-06-11,Cuba,Cayman Islands,3,0,FIFA World Cup qualification,Santiago de Cuba,Cuba,FALSE
2024-06-11,Saint Kitts and Nevis,Bahamas,1,0,FIFA World Cup qualification,Basseterre,Saint Kitts and Nevis,FALSE
2024-06-11,Saint Lucia,Aruba,2,2,FIFA World Cup qualification,Bridgetown,Barbados,TRUE
2024-06-11,Guyana,Belize,3,1,FIFA World Cup qualification,Bridgetown,Barbados,TRUE
2024-06-11,Dominican Republic,British Virgin Islands,4,0,FIFA World Cup qualification,San Cristóbal,Dominican Republic,FALSE
2024-06-11,Puerto Rico,Anguilla,8,0,FIFA World Cup qualification,Bayamón,Puerto Rico,FALSE
2024-06-12,Ecuador,Bolivia,3,1,Friendly,Chester,United States,TRUE
2024-06-12,United States,Brazil,1,1,Friendly,Orlando,United States,FALSE
2024-06-14,Germany,Scotland,5,1,UEFA Euro,Munich,Germany,FALSE
2024-06-14,Argentina,Guatemala,4,1,Friendly,Landover,United States,TRUE
2024-06-14,El Salvador,Peru,0,1,Friendly,Philadelphia,United States,TRUE
2024-06-15,Hungary,Switzerland,1,3,UEFA Euro,Cologne,Germany,TRUE
2024-06-15,Spain,Croatia,3,0,UEFA Euro,Berlin,Germany,TRUE
2024-06-15,Italy,Albania,2,1,UEFA Euro,Dortmund,Germany,TRUE
2024-06-15,Colombia,Bolivia,3,0,Friendly,Denver,United States,TRUE
2024-06-15,Vanuatu,Solomon Islands,1,0,Oceania Nations Cup,Port Vila,Vanuatu,FALSE
2024-06-16,Ecuador,Honduras,2,1,Friendly,Hartford,United States,TRUE
2024-06-16,Slovenia,Denmark,1,1,UEFA Euro,Stuttgart,Germany,TRUE
2024-06-16,Serbia,England,0,1,UEFA Euro,Gelsenkirchen,Germany,TRUE
2024-06-16,Poland,Netherlands,1,2,UEFA Euro,Hamburg,Germany,TRUE
2024-06-16,Panama,Paraguay,0,1,Friendly,Panama City,Panama,FALSE
2024-06-16,Tahiti,Samoa,2,0,Oceania Nations Cup,Suva,Fiji,TRUE
2024-06-16,Fiji,Papua New Guinea,5,1,Oceania Nations Cup,Suva,Fiji,FALSE
2024-06-17,Austria,France,0,1,UEFA Euro,Düsseldorf,Germany,TRUE
2024-06-17,Romania,Ukraine,3,0,UEFA Euro,Munich,Germany,TRUE
2024-06-17,Belgium,Slovakia,0,1,UEFA Euro,Frankfurt,Germany,TRUE
2024-06-18,Turkey,Georgia,3,1,UEFA Euro,Dortmund,Germany,TRUE
2024-06-18,Portugal,Czech Republic,2,1,UEFA Euro,Leipzig,Germany,TRUE
2024-06-18,New Zealand,Solomon Islands,3,0,Oceania Nations Cup,Port Vila,Vanuatu,TRUE
2024-06-19,Germany,Hungary,2,0,UEFA Euro,Stuttgart,Germany,FALSE
2024-06-19,Scotland,Switzerland,1,1,UEFA Euro,Cologne,Germany,TRUE
2024-06-19,Croatia,Albania,2,2,UEFA Euro,Hamburg,Germany,TRUE
2024-06-19,Papua New Guinea,Tahiti,1,1,Oceania Nations Cup,Suva,Fiji,TRUE
2024-06-19,Fiji,Samoa,9,1,Oceania Nations Cup,Suva,Fiji,FALSE
2024-06-20,Spain,Italy,1,0,UEFA Euro,Gelsenkirchen,Germany,TRUE
2024-06-20,Slovenia,Serbia,1,1,UEFA Euro,Munich,Germany,TRUE
2024-06-20,Denmark,England,1,1,UEFA Euro,Frankfurt,Germany,TRUE
2024-06-20,Argentina,Canada,2,0,Copa América,Atlanta,United States,TRUE
2024-06-21,Poland,Austria,1,3,UEFA Euro,Berlin,Germany,TRUE
2024-06-21,Netherlands,France,0,0,UEFA Euro,Leipzig,Germany,TRUE
2024-06-21,Slovakia,Ukraine,1,2,UEFA Euro,Düsseldorf,Germany,TRUE
2024-06-21,Vanuatu,New Zealand,0,4,Oceania Nations Cup,Port Vila,Vanuatu,FALSE
2024-06-21,Peru,Chile,0,0,Copa América,Arlington,United States,TRUE
2024-06-22,Belgium,Romania,2,0,UEFA Euro,Cologne,Germany,TRUE
2024-06-22,Georgia,Czech Republic,1,1,UEFA Euro,Hamburg,Germany,TRUE
2024-06-22,Turkey,Portugal,0,3,UEFA Euro,Dortmund,Germany,TRUE
2024-06-22,Samoa,Papua New Guinea,1,2,Oceania Nations Cup,Suva,Fiji,TRUE
2024-06-22,Fiji,Tahiti,1,0,Oceania Nations Cup,Suva,Fiji,FALSE
2024-06-22,Ecuador,Venezuela,1,2,Copa América,Santa Clara,United States,TRUE
2024-06-22,Mexico,Jamaica,1,0,Copa América,Houston,United States,TRUE
2024-06-23,Germany,Switzerland,1,1,UEFA Euro,Frankfurt,Germany,FALSE
2024-06-23,Scotland,Hungary,0,1,UEFA Euro,Stuttgart,Germany,TRUE
2024-06-23,United States,Bolivia,2,0,Copa América,Arlington,United States,FALSE
2024-06-23,Uruguay,Panama,3,1,Copa América,Miami Gardens,United States,TRUE
2024-06-24,Albania,Spain,0,1,UEFA Euro,Düsseldorf,Germany,TRUE
2024-06-24,Croatia,Italy,1,1,UEFA Euro,Leipzig,Germany,TRUE
2024-06-24,Colombia,Paraguay,2,1,Copa América,Houston,United States,TRUE
2024-06-24,Brazil,Costa Rica,0,0,Copa América,Inglewood,United States,TRUE
2024-06-25,England,Slovenia,0,0,UEFA Euro,Cologne,Germany,TRUE
2024-06-25,Denmark,Serbia,0,0,UEFA Euro,Munich,Germany,TRUE
2024-06-25,Netherlands,Austria,2,3,UEFA Euro,Berlin,Germany,TRUE
2024-06-25,France,Poland,1,1,UEFA Euro,Dortmund,Germany,TRUE
2024-06-25,Peru,Canada,0,1,Copa América,Kansas City,United States,TRUE
2024-06-25,Chile,Argentina,0,1,Copa América,East Rutherford,United States,TRUE
2024-06-26,Slovakia,Romania,1,1,UEFA Euro,Frankfurt,Germany,TRUE
2024-06-26,Ukraine,Belgium,0,0,UEFA Euro,Stuttgart,Germany,TRUE
2024-06-26,Georgia,Portugal,2,0,UEFA Euro,Gelsenkirchen,Germany,TRUE
2024-06-26,Czech Republic,Turkey,1,2,UEFA Euro,Hamburg,Germany,TRUE
2024-06-26,Ecuador,Jamaica,3,1,Copa América,Las Vegas,United States,TRUE
2024-06-26,Venezuela,Mexico,1,0,Copa América,Inglewood,United States,TRUE
2024-06-27,Vanuatu,Fiji,2,1,Oceania Nations Cup,Port Vila,Vanuatu,FALSE
2024-06-27,New Zealand,Tahiti,5,0,Oceania Nations Cup,Port Vila,Vanuatu,TRUE
2024-06-27,United States,Panama,1,2,Copa América,Atlanta,United States,FALSE
2024-06-27,Uruguay,Bolivia,5,0,Copa América,East Rutherford,United States,TRUE
2024-06-28,Colombia,Costa Rica,3,0,Copa América,Glendale,United States,TRUE
2024-06-28,Paraguay,Brazil,1,4,Copa América,Las Vegas,United States,TRUE
2024-06-29,Switzerland,Italy,2,0,UEFA Euro,Berlin,Germany,TRUE
2024-06-29,Germany,Denmark,2,0,UEFA Euro,Dortmund,Germany,FALSE
2024-06-29,Argentina,Peru,2,0,Copa América,Miami Gardens,United States,TRUE
2024-06-29,Canada,Chile,0,0,Copa América,Orlando,United States,TRUE
2024-06-30,England,Slovakia,2,1,UEFA Euro,Gelsenkirchen,Germany,TRUE
2024-06-30,Spain,Georgia,4,1,UEFA Euro,Cologne,Germany,TRUE
2024-06-30,Tahiti,Fiji,2,1,Oceania Nations Cup,Port Vila,Vanuatu,TRUE
2024-06-30,Vanuatu,New Zealand,0,3,Oceania Nations Cup,Port Vila,Vanuatu,FALSE
2024-06-30,Mexico,Ecuador,0,0,Copa América,Glendale,United States,TRUE
2024-06-30,Jamaica,Venezuela,0,3,Copa América,Austin,United States,TRUE
2024-07-01,France,Belgium,1,0,UEFA Euro,Düsseldorf,Germany,TRUE
2024-07-01,Portugal,Slovenia,0,0,UEFA Euro,Frankfurt,Germany,TRUE
2024-07-01,United States,Uruguay,0,1,Copa América,Kansas City,United States,FALSE
2024-07-01,Bolivia,Panama,1,3,Copa América,Orlando,United States,TRUE
2024-07-02,Romania,Netherlands,0,3,UEFA Euro,Munich,Germany,TRUE
2024-07-02,Austria,Turkey,1,2,UEFA Euro,Leipzig,Germany,TRUE
2024-07-02,Brazil,Colombia,1,1,Copa América,Santa Clara,United States,TRUE
2024-07-02,Costa Rica,Paraguay,2,1,Copa América,Austin,United States,TRUE
2024-07-04,Argentina,Ecuador,1,1,Copa América,Houston,United States,TRUE
2024-07-05,Germany,Spain,1,2,UEFA Euro,Stuttgart,Germany,FALSE
2024-07-05,Portugal,France,0,0,UEFA Euro,Hamburg,Germany,TRUE
2024-07-05,Venezuela,Canada,1,1,Copa América,Arlington,United States,TRUE
2024-07-06,England,Switzerland,1,1,UEFA Euro,Düsseldorf,Germany,TRUE
2024-07-06,Netherlands,Turkey,2,1,UEFA Euro,Berlin,Germany,TRUE
2024-07-06,Uruguay,Brazil,0,0,Copa América,Las Vegas,United States,TRUE
2024-07-06,Colombia,Panama,5,0,Copa América,Glendale,United States,TRUE
2024-07-09,Spain,France,2,1,UEFA Euro,Munich,Germany,TRUE
2024-07-09,Argentina,Canada,2,0,Copa América,East Rutherford,United States,TRUE
2024-07-10,Netherlands,England,1,2,UEFA Euro,Dortmund,Germany,TRUE
2024-07-10,Uruguay,Colombia,0,1,Copa América,Charlotte,United States,TRUE
2024-07-13,Canada,Uruguay,2,2,Copa América,Charlotte,United States,TRUE
2024-07-14,Spain,England,2,1,UEFA Euro,Berlin,Germany,TRUE
2024-07-14,Argentina,Colombia,1,0,Copa América,Miami Gardens,United States,TRUE
2024-07-27,Guatemala,El Salvador,0,1,Friendly,Carson,United States,TRUE
2024-07-27,Jordan,North Korea,0,0,Friendly,Amman,Jordan,FALSE
2024-08-29,Jordan,North Korea,2,1,Friendly,Amman,Jordan,FALSE
2024-09-01,Guatemala,Uruguay,1,1,Friendly,Fort Lauderdale,United States,TRUE
2024-09-02,Fiji,Solomon Islands,1,0,Tri-Nations Series,Suva,Fiji,FALSE
2024-09-02,Fiji,Hong Kong,1,1,Tri-Nations Series,Suva,Fiji,FALSE
2024-09-03,India,Mauritius,0,0,Intercontinental Cup,Hyderabad,India,FALSE
2024-09-04,Gibraltar,Andorra,1,0,Friendly,Gibraltar,Gibraltar,FALSE
2024-09-04,Lebanon,Tajikistan,1,0,Merdeka Tournament,Kuala Lumpur,Malaysia,TRUE
2024-09-04,Malaysia,Philippines,2,1,Merdeka Tournament,Kuala Lumpur,Malaysia,FALSE
2024-09-04,Comoros,Gambia,1,1,African Cup of Nations qualification,El Jadida,Morocco,TRUE
2024-09-04,Libya,Rwanda,1,1,African Cup of Nations qualification,Tripoli,Libya,FALSE
2024-09-04,Sudan,Niger,1,0,African Cup of Nations qualification,Juba,South Sudan,TRUE
2024-09-04,Tanzania,Ethiopia,0,0,African Cup of Nations qualification,Dar es Salaam,Tanzania,FALSE
2024-09-04,United States Virgin Islands,Bahamas,3,3,CONCACAF Nations League,Saint Croix,United States Virgin Islands,FALSE
2024-09-04,Turks and Caicos Islands,Anguilla,0,2,CONCACAF Nations League,Providenciales,Turks and Caicos Islands,FALSE
2024-09-04,Cayman Islands,British Virgin Islands,1,0,CONCACAF Nations League,George Town,Cayman Islands,FALSE
2024-09-05,Hong Kong,Solomon Islands,3,0,Tri-Nations Series,Suva,Fiji,TRUE
2024-09-05,Bhutan,Bangladesh,0,1,Friendly,Thimphu,Bhutan,FALSE
2024-09-05,Vietnam,Russia,0,3,Friendly,Hanoi,Vietnam,FALSE
2024-09-05,Sri Lanka,Cambodia,0,0,AFC Asian Cup qualification,Colombo,Sri Lanka,FALSE
2024-09-05,Timor-Leste,Mongolia,4,1,AFC Asian Cup qualification,Gianyar,Indonesia,TRUE
2024-09-05,Tunisia,Madagascar,1,0,African Cup of Nations qualification,Radès,Tunisia,FALSE
2024-09-05,Central African Republic,Lesotho,3,1,African Cup of Nations qualification,El Jadida,Morocco,TRUE
2024-09-05,Algeria,Equatorial Guinea,2,0,African Cup of Nations qualification,Oran,Algeria,FALSE
2024-09-05,Ghana,Angola,0,1,African Cup of Nations qualification,Kumasi,Ghana,FALSE
2024-09-05,Guinea-Bissau,Eswatini,1,0,African Cup of Nations qualification,Bissau,Guinea-Bissau,FALSE
2024-09-05,Congo,South Sudan,1,0,African Cup of Nations qualification,Brazzaville,Congo,FALSE
2024-09-05,Malawi,Burundi,2,3,African Cup of Nations qualification,Lilongwe,Malawi,FALSE
2024-09-05,Guyana,Suriname,1,3,CONCACAF Nations League,Leonora,Guyana,FALSE
2024-09-05,Costa Rica,Guadeloupe,3,0,CONCACAF Nations League,San José,Costa Rica,FALSE
2024-09-05,Guatemala,Martinique,3,1,CONCACAF Nations League,Guatemala City,Guatemala,FALSE
2024-09-05,Montserrat,El Salvador,1,4,CONCACAF Nations League,Rincon,Bonaire,TRUE
2024-09-05,Bonaire,Saint Vincent and the Grenadines,1,1,CONCACAF Nations League,Rincon,Bonaire,FALSE
2024-09-05,Portugal,Croatia,2,1,UEFA Nations League,Lisbon,Portugal,FALSE
2024-09-05,Scotland,Poland,2,3,UEFA Nations League,Glasgow,Scotland,FALSE
2024-09-05,Denmark,Switzerland,2,0,UEFA Nations League,Copenhagen,Denmark,FALSE
2024-09-05,Serbia,Spain,0,0,UEFA Nations League,Belgrade,Serbia,FALSE
2024-09-05,Azerbaijan,Sweden,1,3,UEFA Nations League,Baku,Azerbaijan,FALSE
2024-09-05,Estonia,Slovakia,0,1,UEFA Nations League,Tallinn,Estonia,FALSE
2024-09-05,Northern Ireland,Luxembourg,2,0,UEFA Nations League,Belfast,Northern Ireland,FALSE
2024-09-05,Belarus,Bulgaria,0,0,UEFA Nations League,Zalaegerszeg,Hungary,TRUE
2024-09-05,San Marino,Liechtenstein,1,0,UEFA Nations League,Serravalle,San Marino,FALSE
2024-09-05,Bolivia,Venezuela,4,0,FIFA World Cup qualification,El Alto,Bolivia,FALSE
2024-09-05,Argentina,Chile,3,0,FIFA World Cup qualification,Buenos Aires,Argentina,FALSE
2024-09-05,Qatar,United Arab Emirates,1,3,FIFA World Cup qualification,Al Rayyan,Qatar,FALSE
2024-09-05,Uzbekistan,North Korea,1,0,FIFA World Cup qualification,Tashkent,Uzbekistan,FALSE
2024-09-05,Iran,Kyrgyzstan,1,0,FIFA World Cup qualification,Fuladshahr,Iran,FALSE
2024-09-05,Iraq,Oman,1,0,FIFA World Cup qualification,Basra,Iraq,FALSE
2024-09-05,South Korea,Palestine,0,0,FIFA World Cup qualification,Seoul,South Korea,FALSE
2024-09-05,Jordan,Kuwait,1,1,FIFA World Cup qualification,Amman,Jordan,FALSE
2024-09-05,Japan,China,7,0,FIFA World Cup qualification,Saitama,Japan,FALSE
2024-09-05,Australia,Bahrain,0,1,FIFA World Cup qualification,Robina,Australia,FALSE
2024-09-05,Saudi Arabia,Indonesia,1,1,FIFA World Cup qualification,Jeddah,Saudi Arabia,FALSE
2024-09-06,Syria,Mauritius,2,0,Intercontinental Cup,Hyderabad,India,TRUE
2024-09-06,Brunei,Macau,3,0,AFC Asian Cup qualification,Bandar Seri Begawan,Brunei,FALSE
2024-09-06,Morocco,Gabon,4,1,African Cup of Nations qualification,Agadir,Morocco,FALSE
2024-09-06,Egypt,Cape Verde,3,0,African Cup of Nations qualification,Cairo,Egypt,FALSE
2024-09-06,Togo,Liberia,1,1,African Cup of Nations qualification,Lomé,Togo,FALSE
2024-09-06,Sierra Leone,Chad,0,0,African Cup of Nations qualification,Monrovia,Liberia,TRUE
2024-09-06,Ivory Coast,Zambia,2,0,African Cup of Nations qualification,Bouaké,Ivory Coast,FALSE
2024-09-06,DR Congo,Guinea,1,0,African Cup of Nations qualification,Kinshasa,DR Congo,FALSE
2024-09-06,Mali,Mozambique,1,1,African Cup of Nations qualification,Bamako,Mali,FALSE
2024-09-06,Kenya,Zimbabwe,0,0,African Cup of Nations qualification,Kampala,Uganda,TRUE
2024-09-06,South Africa,Uganda,2,2,African Cup of Nations qualification,Johannesburg,South Africa,FALSE
2024-09-06,Senegal,Burkina Faso,1,1,African Cup of Nations qualification,Diamniadio,Senegal,FALSE
2024-09-06,French Guiana,Nicaragua,0,1,CONCACAF Nations League,Cayenne,French Guiana,FALSE
2024-09-06,Jamaica,Cuba,0,0,CONCACAF Nations League,Kingston,Jamaica,FALSE
2024-09-06,Honduras,Trinidad and Tobago,4,0,CONCACAF Nations League,Tegucigalpa,Honduras,FALSE
2024-09-06,Saint Lucia,Curaçao,2,1,CONCACAF Nations League,St. George's,Grenada,TRUE
2024-09-06,Grenada,Saint Martin,2,0,CONCACAF Nations League,St. George's,Grenada,FALSE
2024-09-06,Sint Maarten,Aruba,2,0,CONCACAF Nations League,Mayagüez,Puerto Rico,TRUE
2024-09-06,Puerto Rico,Haiti,1,4,CONCACAF Nations League,Mayagüez,Puerto Rico,FALSE
2024-09-06,Belgium,Israel,3,1,UEFA Nations League,Debrecen,Hungary,TRUE
2024-09-06,France,Italy,1,3,UEFA Nations League,Paris,France,FALSE
2024-09-06,Kazakhstan,Norway,0,0,UEFA Nations League,Almaty,Kazakhstan,FALSE
2024-09-06,Slovenia,Austria,1,1,UEFA Nations League,Ljubljana,Slovenia,FALSE
2024-09-06,Iceland,Montenegro,2,0,UEFA Nations League,Reykjavík,Iceland,FALSE
2024-09-06,Wales,Turkey,0,0,UEFA Nations League,Cardiff,Wales,FALSE
2024-09-06,Kosovo,Romania,0,3,UEFA Nations League,Pristina,Kosovo,FALSE
2024-09-06,Lithuania,Cyprus,0,1,UEFA Nations League,Kaunas,Lithuania,FALSE
2024-09-06,Cook Islands,Tonga,1,3,FIFA World Cup qualification,Apia,Samoa,TRUE
2024-09-06,Samoa,American Samoa,2,0,FIFA World Cup qualification,Apia,Samoa,FALSE
2024-09-06,Peru,Colombia,1,1,FIFA World Cup qualification,Lima,Peru,FALSE
2024-09-06,Uruguay,Paraguay,0,0,FIFA World Cup qualification,Montevideo,Uruguay,FALSE
2024-09-06,Brazil,Ecuador,1,0,FIFA World Cup qualification,Curitiba,Brazil,FALSE
2024-09-07,Mexico,New Zealand,3,0,Friendly,Pasadena,United States,TRUE
2024-09-07,United States,Canada,1,2,Friendly,Kansas City,United States,FALSE
2024-09-07,Mauritania,Botswana,1,0,African Cup of Nations qualification,Nouakchott,Mauritania,FALSE
2024-09-07,Nigeria,Benin,3,0,African Cup of Nations qualification,Uyo,Nigeria,FALSE
2024-09-07,Cameroon,Namibia,1,0,African Cup of Nations qualification,Douala,Cameroon,FALSE
2024-09-07,Bermuda,Dominican Republic,2,3,CONCACAF Nations League,Piggotts,Antigua and Barbuda,TRUE
2024-09-07,Antigua and Barbuda,Dominica,1,2,CONCACAF Nations League,Piggotts,Antigua and Barbuda,FALSE
2024-09-07,Bahamas,Barbados,2,3,CONCACAF Nations League,Saint Croix,United States Virgin Islands,TRUE
2024-09-07,Turks and Caicos Islands,Belize,0,4,CONCACAF Nations League,Providenciales,Turks and Caicos Islands,FALSE
2024-09-07,Cayman Islands,Saint Kitts and Nevis,1,4,CONCACAF Nations League,George Town,Cayman Islands,FALSE
2024-09-07,Germany,Hungary,5,0,UEFA Nations League,Düsseldorf,Germany,FALSE
2024-09-07,Netherlands,Bosnia and Herzegovina,5,2,UEFA Nations League,Eindhoven,Netherlands,FALSE
2024-09-07,Georgia,Czech Republic,4,1,UEFA Nations League,Tbilisi,Georgia,FALSE
2024-09-07,Ukraine,Albania,1,2,UEFA Nations League,Prague,Czech Republic,TRUE
2024-09-07,Republic of Ireland,England,0,2,UEFA Nations League,Dublin,Republic of Ireland,FALSE
2024-09-07,Greece,Finland,3,0,UEFA Nations League,Piraeus,Greece,FALSE
2024-09-07,Faroe Islands,North Macedonia,1,1,UEFA Nations League,Toftir,Faroe Islands,FALSE
2024-09-07,Armenia,Latvia,4,1,UEFA Nations League,Yerevan,Armenia,FALSE
2024-09-07,Moldova,Malta,2,0,UEFA Nations League,Chișinău,Moldova,FALSE
2024-09-08,Bhutan,Bangladesh,1,0,Friendly,Thimphu,Bhutan,FALSE
2024-09-08,Tajikistan,Philippines,0,0,Merdeka Tournament,Kuala Lumpur,Malaysia,TRUE
2024-09-08,Malaysia,Lebanon,1,0,Merdeka Tournament,Kuala Lumpur,Malaysia,FALSE
2024-09-08,Gambia,Tunisia,1,2,African Cup of Nations qualification,El Jadida,Morocco,TRUE
2024-09-08,Saint Vincent and the Grenadines,Montserrat,2,0,CONCACAF Nations League,Rincon,Bonaire,TRUE
2024-09-08,Bonaire,El Salvador,1,2,CONCACAF Nations League,Rincon,Bonaire,FALSE
2024-09-08,Portugal,Scotland,2,1,UEFA Nations League,Lisbon,Portugal,FALSE
2024-09-08,Croatia,Poland,1,0,UEFA Nations League,Osijek,Croatia,FALSE
2024-09-08,Denmark,Serbia,2,0,UEFA Nations League,Copenhagen,Denmark,FALSE
2024-09-08,Switzerland,Spain,1,4,UEFA Nations League,Geneva,Switzerland,FALSE
2024-09-08,Slovakia,Azerbaijan,2,0,UEFA Nations League,Košice,Slovakia,FALSE
2024-09-08,Sweden,Estonia,3,0,UEFA Nations League,Stockholm,Sweden,FALSE
2024-09-08,Luxembourg,Belarus,0,1,UEFA Nations League,Luxembourg,Luxembourg,FALSE
2024-09-08,Bulgaria,Northern Ireland,1,0,UEFA Nations League,Plovdiv,Bulgaria,FALSE
2024-09-08,Gibraltar,Liechtenstein,2,2,UEFA Nations League,Gibraltar,Gibraltar,FALSE
2024-09-09,India,Syria,0,3,Intercontinental Cup,Hyderabad,India,FALSE
2024-09-09,Madagascar,Comoros,1,1,African Cup of Nations qualification,Radès,Tunisia,TRUE
2024-09-09,Morocco,Lesotho,1,0,African Cup of Nations qualification,Agadir,Morocco,FALSE
2024-09-09,Equatorial Guinea,Togo,2,2,African Cup of Nations qualification,Malabo,Equatorial Guinea,FALSE
2024-09-09,Niger,Ghana,1,1,African Cup of Nations qualification,Berkane,Morocco,TRUE
2024-09-09,Angola,Sudan,2,1,African Cup of Nations qualification,Luanda,Angola,FALSE
2024-09-09,Ethiopia,DR Congo,0,2,African Cup of Nations qualification,Dar es Salaam,Tanzania,TRUE
2024-09-09,Uganda,Congo,2,0,African Cup of Nations qualification,Kira,Uganda,FALSE
2024-09-09,Burundi,Senegal,0,1,African Cup of Nations qualification,Lilongwe,Malawi,TRUE
2024-09-09,Guadeloupe,Suriname,1,0,CONCACAF Nations League,Le Gosier,Guadeloupe,FALSE
2024-09-09,Martinique,Guyana,2,2,CONCACAF Nations League,Fort-de-France,Martinique,FALSE
2024-09-09,Guatemala,Costa Rica,0,0,CONCACAF Nations League,Guatemala City,Guatemala,FALSE
2024-09-09,Curaçao,Saint Martin,4,0,CONCACAF Nations League,St. George's,Grenada,TRUE
2024-09-09,Grenada,Saint Lucia,1,2,CONCACAF Nations League,St. George's,Grenada,FALSE
2024-09-09,Haiti,Sint Maarten,6,0,CONCACAF Nations League,Mayagüez,Puerto Rico,TRUE
2024-09-09,Puerto Rico,Aruba,1,0,CONCACAF Nations League,Mayagüez,Puerto Rico,FALSE
2024-09-09,France,Belgium,2,0,UEFA Nations League,Décines-Charpieu,France,FALSE
2024-09-09,Israel,Italy,1,2,UEFA Nations League,Budapest,Hungary,TRUE
2024-09-09,Norway,Austria,2,1,UEFA Nations League,Oslo,Norway,FALSE
2024-09-09,Slovenia,Kazakhstan,3,0,UEFA Nations League,Ljubljana,Slovenia,FALSE
2024-09-09,Montenegro,Wales,1,2,UEFA Nations League,Nikšić,Montenegro,FALSE
2024-09-09,Turkey,Iceland,3,1,UEFA Nations League,İzmir,Turkey,FALSE
2024-09-09,Cyprus,Kosovo,0,4,UEFA Nations League,Larnaca,Cyprus,FALSE
2024-09-09,Romania,Lithuania,3,1,UEFA Nations League,Bucharest,Romania,FALSE
2024-09-09,Samoa,Tonga,2,1,FIFA World Cup qualification,Apia,Samoa,FALSE
2024-09-10,Mexico,Canada,0,0,Friendly,Arlington,United States,TRUE
2024-09-10,Moldova,San Marino,1,0,Friendly,Chișinău,Moldova,FALSE
2024-09-10,United States,New Zealand,1,1,Friendly,Cincinnati,United States,FALSE
2024-09-10,Vietnam,Thailand,1,2,Friendly,Hanoi,Vietnam,FALSE
2024-09-10,Cambodia,Sri Lanka,2,2,AFC Asian Cup qualification,Phnom Penh,Cambodia,FALSE
2024-09-10,Macau,Brunei,0,1,AFC Asian Cup qualification,Taipa,Macau,FALSE
2024-09-10,Mongolia,Timor-Leste,2,0,AFC Asian Cup qualification,Ulaanbaatar,Mongolia,FALSE
2024-09-10,Gabon,Central African Republic,2,0,African Cup of Nations qualification,Franceville,Gabon,FALSE
2024-09-10,Botswana,Egypt,0,4,African Cup of Nations qualification,Francistown,Botswana,FALSE
2024-09-10,Cape Verde,Mauritania,2,0,African Cup of Nations qualification,Praia,Cape Verde,FALSE
2024-09-10,Rwanda,Nigeria,0,0,African Cup of Nations qualification,Kigali,Rwanda,FALSE
2024-09-10,Benin,Libya,2,1,African Cup of Nations qualification,Abidjan,Ivory Coast,TRUE
2024-09-10,Liberia,Algeria,0,3,African Cup of Nations qualification,Monrovia,Liberia,FALSE
2024-09-10,Zambia,Sierra Leone,3,2,African Cup of Nations qualification,Ndola,Zambia,FALSE
2024-09-10,Chad,Ivory Coast,0,2,African Cup of Nations qualification,Yaoundé,Cameroon,TRUE
2024-09-10,Guinea,Tanzania,1,2,African Cup of Nations qualification,Yamoussoukro,Ivory Coast,TRUE
2024-09-10,Mozambique,Guinea-Bissau,2,1,African Cup of Nations qualification,Maputo,Mozambique,FALSE
2024-09-10,Eswatini,Mali,0,1,African Cup of Nations qualification,Mbombela,South Africa,TRUE
2024-09-10,Namibia,Kenya,1,2,African Cup of Nations qualification,Johannesburg,South Africa,TRUE
2024-09-10,South Sudan,South Africa,2,3,African Cup of Nations qualification,Juba,South Sudan,FALSE
2024-09-10,Burkina Faso,Malawi,3,1,African Cup of Nations qualification,Bamako,Mali,TRUE
2024-09-10,Cuba,Nicaragua,1,1,CONCACAF Nations League,Santiago de Cuba,Cuba,FALSE
2024-09-10,Trinidad and Tobago,French Guiana,0,0,CONCACAF Nations League,Bacolet,Trinidad and Tobago,FALSE
2024-09-10,Honduras,Jamaica,1,2,CONCACAF Nations League,Tegucigalpa,Honduras,FALSE
2024-09-10,Dominican Republic,Dominica,2,0,CONCACAF Nations League,Piggotts,Antigua and Barbuda,TRUE
2024-09-10,Antigua and Barbuda,Bermuda,0,1,CONCACAF Nations League,Piggotts,Antigua and Barbuda,FALSE
2024-09-10,United States Virgin Islands,Barbados,0,3,CONCACAF Nations League,Saint Croix,United States Virgin Islands,FALSE
2024-09-10,Belize,Anguilla,1,0,CONCACAF Nations League,Providenciales,Turks and Caicos Islands,TRUE
2024-09-10,Saint Kitts and Nevis,British Virgin Islands,2,0,CONCACAF Nations League,George Town,Cayman Islands,TRUE
2024-09-10,Hungary,Bosnia and Herzegovina,0,0,UEFA Nations League,Budapest,Hungary,FALSE
2024-09-10,Netherlands,Germany,2,2,UEFA Nations League,Amsterdam,Netherlands,FALSE
2024-09-10,Albania,Georgia,0,1,UEFA Nations League,Tirana,Albania,FALSE
2024-09-10,Czech Republic,Ukraine,3,2,UEFA Nations League,Prague,Czech Republic,FALSE
2024-09-10,England,Finland,2,0,UEFA Nations League,London,England,FALSE
2024-09-10,Republic of Ireland,Greece,0,2,UEFA Nations League,Dublin,Republic of Ireland,FALSE
2024-09-10,Latvia,Faroe Islands,1,0,UEFA Nations League,Riga,Latvia,FALSE
2024-09-10,North Macedonia,Armenia,2,0,UEFA Nations League,Skopje,North Macedonia,FALSE
2024-09-10,Andorra,Malta,0,1,UEFA Nations League,Andorra la Vella,Andorra,FALSE
2024-09-10,Colombia,Argentina,2,1,FIFA World Cup qualification,Barranquilla,Colombia,FALSE
2024-09-10,Ecuador,Peru,1,0,FIFA World Cup qualification,Quito,Ecuador,FALSE
2024-09-10,Chile,Bolivia,1,2,FIFA World Cup qualification,Santiago,Chile,FALSE
2024-09-10,Venezuela,Uruguay,0,0,FIFA World Cup qualification,Maturín,Venezuela,FALSE
2024-09-10,Paraguay,Brazil,1,0,FIFA World Cup qualification,Asunción,Paraguay,FALSE
2024-09-10,North Korea,Qatar,2,2,FIFA World Cup qualification,Vientiane,Laos,TRUE
2024-09-10,Kyrgyzstan,Uzbekistan,2,3,FIFA World Cup qualification,Bishkek,Kyrgyzstan,FALSE
2024-09-10,United Arab Emirates,Iran,0,1,FIFA World Cup qualification,Al Ain,United Arab Emirates,FALSE
2024-09-10,Oman,South Korea,1,3,FIFA World Cup qualification,Muscat,Oman,FALSE
2024-09-10,Kuwait,Iraq,0,0,FIFA World Cup qualification,Kuwait City,Kuwait,FALSE
2024-09-10,Palestine,Jordan,1,3,FIFA World Cup qualification,Kuala Lumpur,Malaysia,TRUE
2024-09-10,Bahrain,Japan,0,5,FIFA World Cup qualification,Riffa,Bahrain,FALSE
2024-09-10,Indonesia,Australia,0,0,FIFA World Cup qualification,Jakarta,Indonesia,FALSE
2024-09-10,China,Saudi Arabia,1,2,FIFA World Cup qualification,Dalian,China,FALSE
2024-09-10,Zimbabwe,Cameroon,0,0,African Cup of Nations qualification,Kampala,Uganda,TRUE
2024-10-08,Brunei,Timor-Leste,0,1,ASEAN Championship qualification,Bandar Seri Begawan,Brunei,FALSE
2024-10-09,Barbados,United States Virgin Islands,5,0,CONCACAF Nations League,Bridgetown,Barbados,FALSE
2024-10-09,Belize,Anguilla,1,0,CONCACAF Nations League,Belmopan,Belize,FALSE
2024-10-09,Saint Kitts and Nevis,British Virgin Islands,3,1,CONCACAF Nations League,Basseterre,Saint Kitts and Nevis,FALSE
2024-10-10,Liechtenstein,Hong Kong,1,0,Friendly,Vaduz,Liechtenstein,FALSE
2024-10-10,Myanmar,Sri Lanka,2,0,Friendly,Yangon,Myanmar,FALSE
2024-10-10,Cape Verde,Botswana,0,1,African Cup of Nations qualification,Praia,Cape Verde,FALSE
2024-10-10,Algeria,Togo,5,1,African Cup of Nations qualification,Annaba,Algeria,FALSE
2024-10-10,Ghana,Sudan,0,0,African Cup of Nations qualification,Accra,Ghana,FALSE
2024-10-10,DR Congo,Tanzania,1,0,African Cup of Nations qualification,Kinshasa,DR Congo,FALSE
2024-10-10,Namibia,Zimbabwe,0,1,African Cup of Nations qualification,Johannesburg,South Africa,TRUE
2024-10-10,Burkina Faso,Burundi,4,1,African Cup of Nations qualification,Ebimpé,Ivory Coast,TRUE
2024-10-10,Cuba,Trinidad and Tobago,2,2,CONCACAF Nations League,Santiago de Cuba,Cuba,FALSE
2024-10-10,French Guiana,Honduras,2,3,CONCACAF Nations League,Cayenne,French Guiana,FALSE
2024-10-10,Nicaragua,Jamaica,0,2,CONCACAF Nations League,Managua,Nicaragua,FALSE
2024-10-10,Bonaire,Montserrat,0,1,CONCACAF Nations League,Kingstown,Saint Vincent and the Grenadines,TRUE
2024-10-10,Saint Vincent and the Grenadines,El Salvador,2,3,CONCACAF Nations League,Kingstown,Saint Vincent and the Grenadines,FALSE
2024-10-10,Israel,France,1,4,UEFA Nations League,Budapest,Hungary,TRUE
2024-10-10,Italy,Belgium,2,2,UEFA Nations League,Rome,Italy,FALSE
2024-10-10,England,Greece,1,2,UEFA Nations League,London,England,FALSE
2024-10-10,Finland,Republic of Ireland,1,2,UEFA Nations League,Helsinki,Finland,FALSE
2024-10-10,Austria,Kazakhstan,4,0,UEFA Nations League,Salzburg,Austria,FALSE
2024-10-10,Norway,Slovenia,3,0,UEFA Nations League,Oslo,Norway,FALSE
2024-10-10,Latvia,North Macedonia,0,3,UEFA Nations League,Riga,Latvia,FALSE
2024-10-10,Faroe Islands,Armenia,2,2,UEFA Nations League,Tórshavn,Faroe Islands,FALSE
2024-10-10,Gibraltar,San Marino,1,0,UEFA Nations League,Gibraltar,Gibraltar,FALSE
2024-10-10,Moldova,Andorra,2,0,UEFA Nations League,Chișinău,Moldova,FALSE
2024-10-10,Bolivia,Colombia,1,0,FIFA World Cup qualification,El Alto,Bolivia,FALSE
2024-10-10,Ecuador,Paraguay,0,0,FIFA World Cup qualification,Quito,Ecuador,FALSE
2024-10-10,Venezuela,Argentina,1,1,FIFA World Cup qualification,Maturín,Venezuela,FALSE
2024-10-10,Chile,Brazil,1,2,FIFA World Cup qualification,Santiago,Chile,FALSE
2024-10-10,Papua New Guinea,New Caledonia,1,3,FIFA World Cup qualification,Suva,Fiji,TRUE
2024-10-10,Fiji,Solomon Islands,1,0,FIFA World Cup qualification,Suva,Fiji,FALSE
2024-10-10,Qatar,Kyrgyzstan,3,1,FIFA World Cup qualification,Doha,Qatar,FALSE
2024-10-10,Uzbekistan,Iran,0,0,FIFA World Cup qualification,Tashkent,Uzbekistan,FALSE
2024-10-10,United Arab Emirates,North Korea,1,1,FIFA World Cup qualification,Al Ain,United Arab Emirates,FALSE
2024-10-10,Jordan,South Korea,0,2,FIFA World Cup qualification,Amman,Jordan,FALSE
2024-10-10,Oman,Kuwait,4,0,FIFA World Cup qualification,Muscat,Oman,FALSE
2024-10-10,Iraq,Palestine,1,0,FIFA World Cup qualification,Basra,Iraq,FALSE
2024-10-10,Bahrain,Indonesia,2,2,FIFA World Cup qualification,Riffa,Bahrain,FALSE
2024-10-10,Australia,China,3,1,FIFA World Cup qualification,Adelaide,Australia,FALSE
2024-10-10,Saudi Arabia,Japan,0,2,FIFA World Cup qualification,Jeddah,Saudi Arabia,FALSE
2024-10-11,Cambodia,Taiwan,3,2,Friendly,Phnom Penh,Cambodia,FALSE
2024-10-11,Madagascar,Gambia,1,1,African Cup of Nations qualification,Casablanca,Morocco,TRUE
2024-10-11,Tunisia,Comoros,0,1,African Cup of Nations qualification,Radès,Tunisia,FALSE
2024-10-11,Gabon,Lesotho,0,0,African Cup of Nations qualification,Franceville,Gabon,FALSE
2024-10-11,Egypt,Mauritania,2,0,African Cup of Nations qualification,Cairo,Egypt,FALSE
2024-10-11,Benin,Rwanda,3,0,African Cup of Nations qualification,Abidjan,Ivory Coast,TRUE
2024-10-11,Nigeria,Libya,1,0,African Cup of Nations qualification,Uyo,Nigeria,FALSE
2024-10-11,Equatorial Guinea,Liberia,1,0,African Cup of Nations qualification,Malabo,Equatorial Guinea,FALSE
2024-10-11,Angola,Niger,2,0,African Cup of Nations qualification,Luanda,Angola,FALSE
2024-10-11,Zambia,Chad,0,0,African Cup of Nations qualification,Ndola,Zambia,FALSE
2024-10-11,Ivory Coast,Sierra Leone,4,1,African Cup of Nations qualification,San-Pédro,Ivory Coast,FALSE
2024-10-11,Mozambique,Eswatini,1,1,African Cup of Nations qualification,Maputo,Mozambique,FALSE
2024-10-11,Mali,Guinea-Bissau,1,0,African Cup of Nations qualification,Bamako,Mali,FALSE
2024-10-11,Cameroon,Kenya,4,1,African Cup of Nations qualification,Douala,Cameroon,FALSE
2024-10-11,Uganda,South Sudan,1,0,African Cup of Nations qualification,Kira,Uganda,FALSE
2024-10-11,South Africa,Congo,5,0,African Cup of Nations qualification,Gqeberha,South Africa,FALSE
2024-10-11,Senegal,Malawi,4,0,African Cup of Nations qualification,Diamniadio,Senegal,FALSE
2024-10-11,Guadeloupe,Martinique,0,1,CONCACAF Nations League,Le Gosier,Guadeloupe,FALSE
2024-10-11,Suriname,Costa Rica,1,1,CONCACAF Nations League,Paramaribo,Suriname,FALSE
2024-10-11,Guyana,Guatemala,1,3,CONCACAF Nations League,Leonora,Guyana,FALSE
2024-10-11,Grenada,Curaçao,0,0,CONCACAF Nations League,Gros Islet,Saint Lucia,TRUE
2024-10-11,Saint Lucia,Saint Martin,2,1,CONCACAF Nations League,Gros Islet,Saint Lucia,FALSE
2024-10-11,Sint Maarten,Puerto Rico,3,2,CONCACAF Nations League,Oranjestad,Aruba,TRUE
2024-10-11,Aruba,Haiti,1,3,CONCACAF Nations League,Oranjestad,Aruba,FALSE
2024-10-11,Bosnia and Herzegovina,Germany,1,2,UEFA Nations League,Zenica,Bosnia and Herzegovina,FALSE
2024-10-11,Hungary,Netherlands,1,1,UEFA Nations League,Budapest,Hungary,FALSE
2024-10-11,Czech Republic,Albania,2,0,UEFA Nations League,Prague,Czech Republic,FALSE
2024-10-11,Ukraine,Georgia,1,0,UEFA Nations League,Poznań,Poland,TRUE
2024-10-11,Iceland,Wales,2,2,UEFA Nations League,Reykjavík,Iceland,FALSE
2024-10-11,Turkey,Montenegro,1,0,UEFA Nations League,Tekkeköy,Turkey,FALSE
2024-10-11,Estonia,Azerbaijan,3,1,UEFA Nations League,Tallinn,Estonia,FALSE
2024-10-11,Slovakia,Sweden,2,2,UEFA Nations League,Bratislava,Slovakia,FALSE
2024-10-11,Peru,Uruguay,1,0,FIFA World Cup qualification,Lima,Peru,FALSE
2024-10-11,New Zealand,Tahiti,3,0,FIFA World Cup qualification,Port Vila,Vanuatu,TRUE
2024-10-11,Syria,Tajikistan,1,0,King's Cup,Songkhla,Thailand,TRUE
2024-10-11,Thailand,Philippines,3,1,King's Cup,Songkhla,Thailand,FALSE
2024-10-12,United States,Panama,2,0,Friendly,Austin,United States,FALSE
2024-10-12,Vietnam,India,1,1,Friendly,Nam Định,Vietnam,FALSE
2024-10-12,Morocco,Central African Republic,5,0,African Cup of Nations qualification,Oujda,Morocco,FALSE
2024-10-12,Guinea,Ethiopia,4,1,African Cup of Nations qualification,Ebimpé,Ivory Coast,TRUE
2024-10-12,Antigua and Barbuda,Dominican Republic,0,5,CONCACAF Nations League,Hamilton,Bermuda,TRUE
2024-10-12,Bermuda,Dominica,6,1,CONCACAF Nations League,Hamilton,Bermuda,FALSE
2024-10-12,Bahamas,United States Virgin Islands,3,1,CONCACAF Nations League,Bridgetown,Barbados,TRUE
2024-10-12,Turks and Caicos Islands,Anguilla,2,1,CONCACAF Nations League,Belmopan,Belize,TRUE
2024-10-12,Cayman Islands,British Virgin Islands,1,0,CONCACAF Nations League,Basseterre,Saint Kitts and Nevis,TRUE
2024-10-12,Croatia,Scotland,2,1,UEFA Nations League,Zagreb,Croatia,FALSE
2024-10-12,Poland,Portugal,1,3,UEFA Nations League,Warsaw,Poland,FALSE
2024-10-12,Serbia,Switzerland,2,0,UEFA Nations League,Leskovac,Serbia,FALSE
2024-10-12,Spain,Denmark,1,0,UEFA Nations League,Murcia,Spain,FALSE
2024-10-12,Lithuania,Kosovo,1,2,UEFA Nations League,Kaunas,Lithuania,FALSE
2024-10-12,Cyprus,Romania,0,3,UEFA Nations League,Larnaca,Cyprus,FALSE
2024-10-12,Bulgaria,Luxembourg,0,0,UEFA Nations League,Plovdiv,Bulgaria,FALSE
2024-10-12,Belarus,Northern Ireland,0,0,UEFA Nations League,Zalaegerszeg,Hungary,TRUE
2024-10-12,Vanuatu,Samoa,4,1,FIFA World Cup qualification,Port Vila,Vanuatu,FALSE
2024-10-13,Andorra,San Marino,2,0,Friendly,Andorra la Vella,Andorra,FALSE
2024-10-13,Myanmar,Sri Lanka,0,0,Friendly,Yangon,Myanmar,FALSE
2024-10-13,Burundi,Burkina Faso,0,2,African Cup of Nations qualification,Abidjan,Ivory Coast,TRUE
2024-10-13,Montserrat,Bonaire,0,1,CONCACAF Nations League,Kingstown,Saint Vincent and the Grenadines,TRUE
2024-10-13,Saint Vincent and the Grenadines,El Salvador,2,1,CONCACAF Nations League,Kingstown,Saint Vincent and the Grenadines,FALSE
2024-10-13,Finland,England,1,3,UEFA Nations League,Helsinki,Finland,FALSE
2024-10-13,Greece,Republic of Ireland,2,0,UEFA Nations League,Piraeus,Greece,FALSE
2024-10-13,Kazakhstan,Slovenia,0,1,UEFA Nations League,Astana,Kazakhstan,FALSE
2024-10-13,Austria,Norway,5,1,UEFA Nations League,Linz,Austria,FALSE
2024-10-13,Faroe Islands,Latvia,1,1,UEFA Nations League,Tórshavn,Faroe Islands,FALSE
2024-10-13,Armenia,North Macedonia,0,2,UEFA Nations League,Yerevan,Armenia,FALSE
2024-10-13,Liechtenstein,Gibraltar,0,0,UEFA Nations League,Vaduz,Liechtenstein,FALSE
2024-10-13,Malta,Moldova,1,0,UEFA Nations League,Ta' Qali,Malta,FALSE
2024-10-14,New Zealand,Malaysia,4,0,Friendly,Auckland,New Zealand,FALSE
2024-10-14,Gambia,Madagascar,1,0,African Cup of Nations qualification,El Jadida,Morocco,TRUE
2024-10-14,Liberia,Equatorial Guinea,1,2,African Cup of Nations qualification,Monrovia,Liberia,FALSE
2024-10-14,Togo,Algeria,0,1,African Cup of Nations qualification,Lomé,Togo,FALSE
2024-10-14,Eswatini,Mozambique,0,3,African Cup of Nations qualification,Mbombela,South Africa,TRUE
2024-10-14,Kenya,Cameroon,0,1,African Cup of Nations qualification,Kampala,Uganda,TRUE
2024-10-14,Zimbabwe,Namibia,3,1,African Cup of Nations qualification,Johannesburg,South Africa,TRUE
2024-10-14,Nicaragua,French Guiana,3,2,CONCACAF Nations League,Managua,Nicaragua,FALSE
2024-10-14,Jamaica,Honduras,0,0,CONCACAF Nations League,Kingston,Jamaica,FALSE
2024-10-14,Trinidad and Tobago,Cuba,3,1,CONCACAF Nations League,Bacolet,Trinidad and Tobago,FALSE
2024-10-14,Curaçao,Grenada,1,0,CONCACAF Nations League,Gros Islet,Saint Lucia,TRUE
2024-10-14,Saint Lucia,Saint Martin,0,4,CONCACAF Nations League,Gros Islet,Saint Lucia,FALSE
2024-10-14,Puerto Rico,Sint Maarten,2,1,CONCACAF Nations League,Oranjestad,Aruba,TRUE
2024-10-14,Aruba,Haiti,3,5,CONCACAF Nations League,Oranjestad,Aruba,FALSE
2024-10-14,Belgium,France,1,2,UEFA Nations League,Leuven,Belgium,FALSE
2024-10-14,Italy,Israel,4,1,UEFA Nations League,Udine,Italy,FALSE
2024-10-14,Bosnia and Herzegovina,Hungary,0,2,UEFA Nations League,Zenica,Bosnia and Herzegovina,FALSE
2024-10-14,Germany,Netherlands,1,0,UEFA Nations League,Munich,Germany,FALSE
2024-10-14,Georgia,Albania,0,1,UEFA Nations League,Tbilisi,Georgia,FALSE
2024-10-14,Ukraine,Czech Republic,1,1,UEFA Nations League,Wrocław,Poland,TRUE
2024-10-14,Iceland,Turkey,2,4,UEFA Nations League,Reykjavík,Iceland,FALSE
2024-10-14,Wales,Montenegro,1,0,UEFA Nations League,Cardiff,Wales,FALSE
2024-10-14,Azerbaijan,Slovakia,1,3,UEFA Nations League,Baku,Azerbaijan,FALSE
2024-10-14,Estonia,Sweden,0,3,UEFA Nations League,Tallinn,Estonia,FALSE
2024-10-14,Tajikistan,Philippines,0,3,King's Cup,Songkhla,Thailand,TRUE
2024-10-14,Thailand,Syria,2,1,King's Cup,Songkhla,Thailand,FALSE
2024-10-15,Canada,Panama,2,1,Friendly,Toronto,Canada,FALSE
2024-10-15,Hong Kong,Cambodia,3,0,Friendly,Hong Kong,Hong Kong,FALSE
2024-10-15,Mexico,United States,2,0,Friendly,Zapopan,Mexico,FALSE
2024-10-15,Comoros,Tunisia,1,1,African Cup of Nations qualification,Abidjan,Ivory Coast,TRUE
2024-10-15,Lesotho,Gabon,0,2,African Cup of Nations qualification,Durban,South Africa,TRUE
2024-10-15,Morocco,Central African Republic,4,0,African Cup of Nations qualification,Oujda,Morocco,FALSE
2024-10-15,Mauritania,Egypt,0,1,African Cup of Nations qualification,Nouakchott,Mauritania,FALSE
2024-10-15,Botswana,Cape Verde,1,0,African Cup of Nations qualification,Francistown,Botswana,FALSE
2024-10-15,Rwanda,Benin,2,1,African Cup of Nations qualification,Kigali,Rwanda,FALSE
2024-10-15,Sudan,Ghana,2,0,African Cup of Nations qualification,Benghazi,Libya,TRUE
2024-10-15,Niger,Angola,0,1,African Cup of Nations qualification,Casablanca,Morocco,TRUE
2024-10-15,Chad,Zambia,0,1,African Cup of Nations qualification,Yaoundé,Cameroon,TRUE
2024-10-15,Sierra Leone,Ivory Coast,1,0,African Cup of Nations qualification,Monrovia,Liberia,TRUE
2024-10-15,Tanzania,DR Congo,0,2,African Cup of Nations qualification,Dar es Salaam,Tanzania,FALSE
2024-10-15,Ethiopia,Guinea,0,3,African Cup of Nations qualification,Ebimpé,Ivory Coast,TRUE
2024-10-15,Guinea-Bissau,Mali,0,0,African Cup of Nations qualification,Bissau,Guinea-Bissau,FALSE
2024-10-15,South Sudan,Uganda,1,2,African Cup of Nations qualification,Juba,South Sudan,FALSE
2024-10-15,Congo,South Africa,1,1,African Cup of Nations qualification,Brazzaville,Congo,FALSE
2024-10-15,Malawi,Senegal,0,1,African Cup of Nations qualification,Lilongwe,Malawi,FALSE
2024-10-15,Costa Rica,Guatemala,3,0,CONCACAF Nations League,San José,Costa Rica,FALSE
2024-10-15,Guadeloupe,Martinique,0,0,CONCACAF Nations League,Le Gosier,Guadeloupe,FALSE
2024-10-15,Suriname,Guyana,5,1,CONCACAF Nations League,Paramaribo,Suriname,FALSE
2024-10-15,Dominican Republic,Antigua and Barbuda,5,0,CONCACAF Nations League,Hamilton,Bermuda,TRUE
2024-10-15,Bermuda,Dominica,3,2,CONCACAF Nations League,Hamilton,Bermuda,FALSE
2024-10-15,Barbados,Bahamas,6,2,CONCACAF Nations League,Bridgetown,Barbados,FALSE
2024-10-15,Belize,Turks and Caicos Islands,3,0,CONCACAF Nations League,Belmopan,Belize,FALSE
2024-10-15,Saint Kitts and Nevis,Cayman Islands,1,1,CONCACAF Nations League,Basseterre,Saint Kitts and Nevis,FALSE
2024-10-15,Scotland,Portugal,0,0,UEFA Nations League,Glasgow,Scotland,FALSE
2024-10-15,Poland,Croatia,3,3,UEFA Nations League,Warsaw,Poland,FALSE
2024-10-15,Spain,Serbia,3,0,UEFA Nations League,Córdoba,Spain,FALSE
2024-10-15,Switzerland,Denmark,2,2,UEFA Nations League,St. Gallen,Switzerland,FALSE
2024-10-15,Kosovo,Cyprus,3,0,UEFA Nations League,Pristina,Kosovo,FALSE
2024-10-15,Lithuania,Romania,1,2,UEFA Nations League,Kaunas,Lithuania,FALSE
2024-10-15,Northern Ireland,Bulgaria,5,0,UEFA Nations League,Belfast,Northern Ireland,FALSE
2024-10-15,Belarus,Luxembourg,1,1,UEFA Nations League,Zalaegerszeg,Hungary,TRUE
2024-10-15,Colombia,Chile,4,0,FIFA World Cup qualification,Barranquilla,Colombia,FALSE
2024-10-15,Paraguay,Venezuela,2,1,FIFA World Cup qualification,Asunción,Paraguay,FALSE
2024-10-15,Uruguay,Ecuador,0,0,FIFA World Cup qualification,Montevideo,Uruguay,FALSE
2024-10-15,Argentina,Bolivia,6,0,FIFA World Cup qualification,Buenos Aires,Argentina,FALSE
2024-10-15,Brazil,Peru,4,0,FIFA World Cup qualification,Brasília,Brazil,FALSE
2024-10-15,Uzbekistan,United Arab Emirates,1,0,FIFA World Cup qualification,Tashkent,Uzbekistan,FALSE
2024-10-15,Iran,Qatar,4,1,FIFA World Cup qualification,Dubai,United Arab Emirates,TRUE
2024-10-15,Kyrgyzstan,North Korea,1,0,FIFA World Cup qualification,Bishkek,Kyrgyzstan,FALSE
2024-10-15,Jordan,Oman,4,0,FIFA World Cup qualification,Amman,Jordan,FALSE
2024-10-15,Palestine,Kuwait,2,2,FIFA World Cup qualification,Al Rayyan,Qatar,TRUE
2024-10-15,South Korea,Iraq,3,2,FIFA World Cup qualification,Yongin,South Korea,FALSE
2024-10-15,Japan,Australia,1,1,FIFA World Cup qualification,Saitama,Japan,FALSE
2024-10-15,China,Indonesia,2,1,FIFA World Cup qualification,Qingdao,China,FALSE
2024-10-15,Saudi Arabia,Bahrain,0,0,FIFA World Cup qualification,Jeddah,Saudi Arabia,FALSE
2024-10-15,Timor-Leste,Brunei,0,0,ASEAN Championship qualification,Chonburi,Thailand,TRUE
2024-11-13,Bangladesh,Maldives,0,1,Friendly,Dhaka,Bangladesh,FALSE
2024-11-13,Tajikistan,Nepal,4,0,Friendly,Dushanbe,Tajikistan,FALSE
2024-11-13,Liberia,Togo,1,0,African Cup of Nations qualification,Monrovia,Liberia,FALSE
2024-11-13,Chad,Sierra Leone,1,1,African Cup of Nations qualification,Abidjan,Ivory Coast,TRUE
2024-11-13,Namibia,Cameroon,0,0,African Cup of Nations qualification,Johannesburg,South Africa,TRUE
2024-11-14,Belgium,Italy,0,1,UEFA Nations League,Brussels,Belgium,FALSE
2024-11-14,France,Israel,0,0,UEFA Nations League,Paris,France,FALSE
2024-11-14,Republic of Ireland,Finland,1,0,UEFA Nations League,Dublin,Republic of Ireland,FALSE
2024-11-14,Greece,England,0,3,UEFA Nations League,Athens,Greece,FALSE
2024-11-14,Kazakhstan,Austria,0,2,UEFA Nations League,Almaty,Kazakhstan,FALSE
2024-11-14,Slovenia,Norway,1,4,UEFA Nations League,Ljubljana,Slovenia,FALSE
2024-11-14,North Macedonia,Latvia,1,0,UEFA Nations League,Skopje,North Macedonia,FALSE
2024-11-14,Armenia,Faroe Islands,0,1,UEFA Nations League,Yerevan,Armenia,FALSE
2024-11-14,Montserrat,Saint Vincent and the Grenadines,1,2,CONCACAF Nations League,San Salvador,El Salvador,TRUE
2024-11-14,El Salvador,Bonaire,1,0,CONCACAF Nations League,San Salvador,El Salvador,FALSE
2024-11-14,Belize,French Guiana,2,1,CONCACAF Nations League,Belmopan,Belize,FALSE
2024-11-14,Saint Kitts and Nevis,Cuba,2,1,CONCACAF Nations League,Basseterre,Saint Kitts and Nevis,FALSE
2024-11-14,Costa Rica,Panama,0,1,CONCACAF Nations League,San José,Costa Rica,FALSE
2024-11-14,Jamaica,United States,0,1,CONCACAF Nations League,Kingston,Jamaica,FALSE
2024-11-14,Hong Kong,Philippines,3,1,Friendly,Hong Kong,Hong Kong,FALSE
2024-11-14,Malaysia,Laos,3,1,Friendly,Bangkok,Thailand,TRUE
2024-11-14,Malta,Liechtenstein,2,0,Friendly,Ta' Qali,Malta,FALSE
2024-11-14,Singapore,Myanmar,3,2,Friendly,Kallang,Singapore,FALSE
2024-11-14,Thailand,Lebanon,0,0,Friendly,Pathum Thani,Thailand,FALSE
2024-11-14,Venezuela,Brazil,1,1,FIFA World Cup qualification,Maturín,Venezuela,FALSE
2024-11-14,Ecuador,Bolivia,4,0,FIFA World Cup qualification,Guayaquil,Ecuador,FALSE
2024-11-14,Paraguay,Argentina,2,1,FIFA World Cup qualification,Asunción,Paraguay,FALSE
2024-11-14,Solomon Islands,New Caledonia,2,3,FIFA World Cup qualification,Port Moresby,Papua New Guinea,TRUE
2024-11-14,Papua New Guinea,Fiji,3,3,FIFA World Cup qualification,Port Moresby,Papua New Guinea,FALSE
2024-11-14,North Korea,Iran,2,3,FIFA World Cup qualification,Vientiane,Laos,TRUE
2024-11-14,Qatar,Uzbekistan,3,2,FIFA World Cup qualification,Al Rayyan,Qatar,FALSE
2024-11-14,United Arab Emirates,Kyrgyzstan,3,0,FIFA World Cup qualification,Abu Dhabi,United Arab Emirates,FALSE
2024-11-14,Kuwait,South Korea,1,3,FIFA World Cup qualification,Kuwait City,Kuwait,FALSE
2024-11-14,Iraq,Jordan,0,0,FIFA World Cup qualification,Basra,Iraq,FALSE
2024-11-14,Oman,Palestine,1,0,FIFA World Cup qualification,Muscat,Oman,FALSE
2024-11-14,Bahrain,China,0,1,FIFA World Cup qualification,Riffa,Bahrain,FALSE
2024-11-14,Australia,Saudi Arabia,0,0,FIFA World Cup qualification,Melbourne,Australia,FALSE
2024-11-14,Madagascar,Tunisia,2,3,African Cup of Nations qualification,Pretoria,South Africa,TRUE
2024-11-14,Lesotho,Central African Republic,1,0,African Cup of Nations qualification,Bloemfontein,South Africa,TRUE
2024-11-14,Rwanda,Libya,0,1,African Cup of Nations qualification,Kigali,Rwanda,FALSE
2024-11-14,Benin,Nigeria,1,1,African Cup of Nations qualification,Abidjan,Ivory Coast,TRUE
2024-11-14,Equatorial Guinea,Algeria,0,0,African Cup of Nations qualification,Malabo,Equatorial Guinea,FALSE
2024-11-14,Niger,Sudan,4,0,African Cup of Nations qualification,Lomé,Togo,TRUE
2024-11-14,South Sudan,Congo,3,2,African Cup of Nations qualification,Juba,South Sudan,FALSE
2024-11-14,Burundi,Malawi,0,0,African Cup of Nations qualification,Abidjan,Ivory Coast,TRUE
2024-11-14,Burkina Faso,Senegal,0,1,African Cup of Nations qualification,Bamako,Mali,TRUE
2024-11-15,Portugal,Poland,5,1,UEFA Nations League,Porto,Portugal,FALSE
2024-11-15,Scotland,Croatia,1,0,UEFA Nations League,Glasgow,Scotland,FALSE
2024-11-15,Denmark,Spain,1,2,UEFA Nations League,Copenhagen,Denmark,FALSE
2024-11-15,Switzerland,Serbia,1,1,UEFA Nations League,Zürich,Switzerland,FALSE
2024-11-15,Cyprus,Lithuania,2,1,UEFA Nations League,Larnaca,Cyprus,FALSE
2024-11-15,Romania,Kosovo,0,0,UEFA Nations League,Bucharest,Romania,FALSE
2024-11-15,Northern Ireland,Belarus,2,0,UEFA Nations League,Belfast,Northern Ireland,FALSE
2024-11-15,Luxembourg,Bulgaria,0,1,UEFA Nations League,Luxembourg,Luxembourg,FALSE
2024-11-15,San Marino,Gibraltar,1,1,UEFA Nations League,Serravalle,San Marino,FALSE
2024-11-15,Saint Lucia,Grenada,0,4,CONCACAF Nations League,Willemstad,Curaçao,TRUE
2024-11-15,Curaçao,Saint Martin,5,0,CONCACAF Nations League,Willemstad,Curaçao,FALSE
2024-11-15,Puerto Rico,Aruba,5,1,CONCACAF Nations League,Mayagüez,Puerto Rico,FALSE
2024-11-15,Sint Maarten,Haiti,0,8,CONCACAF Nations League,Mayagüez,Puerto Rico,TRUE
2024-11-15,Barbados,Guyana,1,4,CONCACAF Nations League,Bridgetown,Barbados,FALSE
2024-11-15,Cayman Islands,Guadeloupe,0,6,CONCACAF Nations League,George Town,Cayman Islands,FALSE
2024-11-15,Honduras,Mexico,2,0,CONCACAF Nations League,San Pedro Sula,Honduras,FALSE
2024-11-15,Suriname,Canada,0,1,CONCACAF Nations League,Paramaribo,Suriname,FALSE
2024-11-15,Peru,Chile,0,0,FIFA World Cup qualification,Lima,Peru,FALSE
2024-11-15,Uruguay,Colombia,3,2,FIFA World Cup qualification,Montevideo,Uruguay,FALSE
2024-11-15,Samoa,Tahiti,0,3,FIFA World Cup qualification,Hamilton,New Zealand,TRUE
2024-11-15,New Zealand,Vanuatu,8,1,FIFA World Cup qualification,Hamilton,New Zealand,FALSE
2024-11-15,Indonesia,Japan,0,4,FIFA World Cup qualification,Jakarta,Indonesia,FALSE
2024-11-15,Russia,Brunei,2,1,Friendly,Krasnodar,Russia,FALSE
2024-11-15,Gambia,Comoros,1,2,African Cup of Nations qualification,Berkane,Morocco,TRUE
2024-11-15,Gabon,Morocco,1,5,African Cup of Nations qualification,Franceville,Gabon,FALSE
2024-11-15,Botswana,Mauritania,1,1,African Cup of Nations qualification,Francistown,Botswana,FALSE
2024-11-15,Cape Verde,Egypt,1,1,African Cup of Nations qualification,Praia,Cape Verde,FALSE
2024-11-15,Angola,Ghana,1,1,African Cup of Nations qualification,Talatona,Angola,FALSE
2024-11-15,Zambia,Ivory Coast,1,0,African Cup of Nations qualification,Ndola,Zambia,FALSE
2024-11-15,Eswatini,Guinea-Bissau,1,1,African Cup of Nations qualification,Mbombela,South Africa,TRUE
2024-11-15,Mozambique,Mali,0,1,African Cup of Nations qualification,Maputo,Mozambique,FALSE
2024-11-15,Zimbabwe,Kenya,1,1,African Cup of Nations qualification,Polokwane,South Africa,TRUE
2024-11-15,Uganda,South Africa,0,2,African Cup of Nations qualification,Kampala,Uganda,FALSE
2024-11-16,Germany,Bosnia and Herzegovina,7,0,UEFA Nations League,Freiburg,Germany,FALSE
2024-11-16,Netherlands,Hungary,4,0,UEFA Nations League,Amsterdam,Netherlands,FALSE
2024-11-16,Albania,Czech Republic,0,0,UEFA Nations League,Tirana,Albania,FALSE
2024-11-16,Georgia,Ukraine,1,1,UEFA Nations League,Batumi,Georgia,FALSE
2024-11-16,Montenegro,Iceland,0,2,UEFA Nations League,Nikšić,Montenegro,FALSE
2024-11-16,Turkey,Wales,0,0,UEFA Nations League,Kayseri,Turkey,FALSE
2024-11-16,Azerbaijan,Estonia,0,0,UEFA Nations League,Gabala,Azerbaijan,FALSE
2024-11-16,Sweden,Slovakia,2,1,UEFA Nations League,Solna,Sweden,FALSE
2024-11-16,Andorra,Moldova,0,1,UEFA Nations League,Andorra la Vella,Andorra,FALSE
2024-11-16,Bermuda,Antigua and Barbuda,2,1,CONCACAF Nations League,Santiago de los Caballeros,Dominican Republic,TRUE
2024-11-16,Dominican Republic,Dominica,6,1,CONCACAF Nations League,Santiago de los Caballeros,Dominican Republic,FALSE
2024-11-16,Bangladesh,Maldives,2,1,Friendly,Dhaka,Bangladesh,FALSE
2024-11-16,Nepal,Afghanistan,2,0,Friendly,Dushanbe,Tajikistan,TRUE
2024-11-16,Sri Lanka,Yemen,1,0,Friendly,Al Khor,Qatar,TRUE
2024-11-16,Ethiopia,Tanzania,0,2,African Cup of Nations qualification,Kinshasa,DR Congo,TRUE
2024-11-16,Guinea,DR Congo,1,0,African Cup of Nations qualification,Abidjan,Ivory Coast,TRUE
2024-11-17,Israel,Belgium,1,0,UEFA Nations League,Budapest,Hungary,TRUE
2024-11-17,Italy,France,1,3,UEFA Nations League,Milan,Italy,FALSE
2024-11-17,England,Republic of Ireland,5,0,UEFA Nations League,London,England,FALSE
2024-11-17,Finland,Greece,0,2,UEFA Nations League,Helsinki,Finland,FALSE
2024-11-17,Norway,Kazakhstan,5,0,UEFA Nations League,Oslo,Norway,FALSE
2024-11-17,Austria,Slovenia,1,1,UEFA Nations League,Vienna,Austria,FALSE
2024-11-17,North Macedonia,Faroe Islands,1,0,UEFA Nations League,Skopje,North Macedonia,FALSE
2024-11-17,Latvia,Armenia,1,2,UEFA Nations League,Riga,Latvia,FALSE
2024-11-17,Saint Vincent and the Grenadines,Bonaire,3,1,CONCACAF Nations League,San Salvador,El Salvador,TRUE
2024-11-17,El Salvador,Montserrat,1,0,CONCACAF Nations League,San Salvador,El Salvador,FALSE
2024-11-17,Thailand,Laos,1,1,Friendly,Pathum Thani,Thailand,FALSE
2024-11-17,Fiji,New Caledonia,1,1,FIFA World Cup qualification,Port Moresby,Papua New Guinea,TRUE
2024-11-17,Papua New Guinea,Solomon Islands,1,2,FIFA World Cup qualification,Port Moresby,Papua New Guinea,FALSE
2024-11-17,Algeria,Liberia,5,1,African Cup of Nations qualification,Tizi Ouzou,Algeria,FALSE
2024-11-17,Togo,Equatorial Guinea,3,0,African Cup of Nations qualification,Lomé,Togo,FALSE
2024-11-18,Croatia,Portugal,1,1,UEFA Nations League,Split,Croatia,FALSE
2024-11-18,Poland,Scotland,1,2,UEFA Nations League,Warsaw,Poland,FALSE
2024-11-18,Serbia,Denmark,0,0,UEFA Nations League,Leskovac,Serbia,FALSE
2024-11-18,Spain,Switzerland,3,2,UEFA Nations League,Santa Cruz de Tenerife,Spain,FALSE
2024-11-18,Kosovo,Lithuania,1,0,UEFA Nations League,Pristina,Kosovo,FALSE
2024-11-18,Romania,Cyprus,4,1,UEFA Nations League,Bucharest,Romania,FALSE
2024-11-18,Luxembourg,Northern Ireland,2,2,UEFA Nations League,Luxembourg,Luxembourg,FALSE
2024-11-18,Bulgaria,Belarus,1,1,UEFA Nations League,Sofia,Bulgaria,FALSE
2024-11-18,Liechtenstein,San Marino,1,3,UEFA Nations League,Vaduz,Liechtenstein,FALSE
2024-11-18,Grenada,Saint Martin,0,3,CONCACAF Nations League,Gros Islet,Saint Lucia,TRUE
2024-11-18,Saint Lucia,Curaçao,1,4,CONCACAF Nations League,Gros Islet,Saint Lucia,FALSE
2024-11-18,Aruba,Sint Maarten,0,1,CONCACAF Nations League,Mayagüez,Puerto Rico,TRUE
2024-11-18,Puerto Rico,Haiti,0,3,CONCACAF Nations League,Mayagüez,Puerto Rico,FALSE
2024-11-18,Cuba,Saint Kitts and Nevis,4,0,CONCACAF Nations League,Santiago de Cuba,Cuba,FALSE
2024-11-18,Panama,Costa Rica,2,2,CONCACAF Nations League,Panama City,Panama,FALSE
2024-11-18,United States,Jamaica,4,2,CONCACAF Nations League,St. Louis,United States,FALSE
2024-11-18,India,Malaysia,1,1,Friendly,Hyderabad,India,FALSE
2024-11-18,Singapore,Taiwan,2,3,Friendly,Kallang,Singapore,FALSE
2024-11-18,Tahiti,Vanuatu,2,0,FIFA World Cup qualification,Auckland,New Zealand,TRUE
2024-11-18,New Zealand,Samoa,8,0,FIFA World Cup qualification,Auckland,New Zealand,FALSE
2024-11-18,Tunisia,Gambia,0,1,African Cup of Nations qualification,Tunis,Tunisia,FALSE
2024-11-18,Comoros,Madagascar,1,0,African Cup of Nations qualification,Al Hoceima,Morocco,TRUE
2024-11-18,Morocco,Lesotho,7,0,African Cup of Nations qualification,Oujda,Morocco,FALSE
2024-11-18,Central African Republic,Gabon,0,1,African Cup of Nations qualification,Johannesburg,South Africa,TRUE
2024-11-18,Nigeria,Rwanda,1,2,African Cup of Nations qualification,Uyo,Nigeria,FALSE
2024-11-18,Libya,Benin,0,0,African Cup of Nations qualification,Tripoli,Libya,FALSE
2024-11-18,Ghana,Niger,1,2,African Cup of Nations qualification,Accra,Ghana,FALSE
2024-11-18,Sudan,Angola,0,0,African Cup of Nations qualification,Benghazi,Libya,TRUE
2024-11-18,Malawi,Burkina Faso,3,0,African Cup of Nations qualification,Lilongwe,Malawi,FALSE
2024-11-19,Bosnia and Herzegovina,Netherlands,1,1,UEFA Nations League,Zenica,Bosnia and Herzegovina,FALSE
2024-11-19,Hungary,Germany,1,1,UEFA Nations League,Budapest,Hungary,FALSE
2024-11-19,Albania,Ukraine,1,2,UEFA Nations League,Tirana,Albania,FALSE
2024-11-19,Czech Republic,Georgia,2,1,UEFA Nations League,Olomouc,Czech Republic,FALSE
2024-11-19,Wales,Iceland,4,1,UEFA Nations League,Cardiff,Wales,FALSE
2024-11-19,Montenegro,Turkey,3,1,UEFA Nations League,Podgorica,Montenegro,FALSE
2024-11-19,Slovakia,Estonia,1,0,UEFA Nations League,Trnava,Slovakia,FALSE
2024-11-19,Sweden,Azerbaijan,6,0,UEFA Nations League,Solna,Sweden,FALSE
2024-11-19,Malta,Andorra,0,0,UEFA Nations League,Ta' Qali,Malta,FALSE
2024-11-19,Antigua and Barbuda,Dominica,0,0,CONCACAF Nations League,Santiago de los Caballeros,Dominican Republic,TRUE
2024-11-19,Dominican Republic,Bermuda,6,1,CONCACAF Nations League,Santiago de los Caballeros,Dominican Republic,FALSE
2024-11-19,French Guiana,Belize,2,2,CONCACAF Nations League,Paramaribo,Suriname,TRUE
2024-11-19,Guadeloupe,Cayman Islands,1,0,CONCACAF Nations League,Le Gosier,Guadeloupe,FALSE
2024-11-19,Guyana,Barbados,5,3,CONCACAF Nations League,Georgetown,Guyana,FALSE
2024-11-19,Canada,Suriname,3,0,CONCACAF Nations League,Toronto,Canada,FALSE
2024-11-19,Mexico,Honduras,4,0,CONCACAF Nations League,Toluca,Mexico,FALSE
2024-11-19,Gibraltar,Moldova,1,1,Friendly,Gibraltar,Gibraltar,FALSE
2024-11-19,Hong Kong,Mauritius,1,0,Friendly,Hong Kong,Hong Kong,FALSE
2024-11-19,Myanmar,Lebanon,2,3,Friendly,Yangon,Myanmar,FALSE
2024-11-19,Russia,Syria,4,0,Friendly,Volgograd,Russia,FALSE
2024-11-19,Sri Lanka,Yemen,0,2,Friendly,Al Khor,Qatar,TRUE
2024-11-19,Tajikistan,Afghanistan,3,1,Friendly,Dushanbe,Tajikistan,FALSE
2024-11-19,Bolivia,Paraguay,2,2,FIFA World Cup qualification,El Alto,Bolivia,FALSE
2024-11-19,Colombia,Ecuador,0,1,FIFA World Cup qualification,Barranquilla,Colombia,FALSE
2024-11-19,Argentina,Peru,1,0,FIFA World Cup qualification,Buenos Aires,Argentina,FALSE
2024-11-19,Chile,Venezuela,4,2,FIFA World Cup qualification,Santiago,Chile,FALSE
2024-11-19,Brazil,Uruguay,1,1,FIFA World Cup qualification,Salvador,Brazil,FALSE
2024-11-19,North Korea,Uzbekistan,0,1,FIFA World Cup qualification,Vientiane,Laos,TRUE
2024-11-19,Kyrgyzstan,Iran,2,3,FIFA World Cup qualification,Bishkek,Kyrgyzstan,FALSE
2024-11-19,United Arab Emirates,Qatar,5,0,FIFA World Cup qualification,Abu Dhabi,United Arab Emirates,FALSE
2024-11-19,Palestine,South Korea,1,1,FIFA World Cup qualification,Amman,Jordan,TRUE
2024-11-19,Oman,Iraq,0,1,FIFA World Cup qualification,Muscat,Oman,FALSE
2024-11-19,Kuwait,Jordan,1,1,FIFA World Cup qualification,Kuwait City,Kuwait,FALSE
2024-11-19,Bahrain,Australia,2,2,FIFA World Cup qualification,Riffa,Bahrain,FALSE
2024-11-19,Indonesia,Saudi Arabia,2,0,FIFA World Cup qualification,Jakarta,Indonesia,FALSE
2024-11-19,China,Japan,1,3,FIFA World Cup qualification,Xiamen,China,FALSE
2024-11-19,Egypt,Botswana,1,1,African Cup of Nations qualification,Cairo,Egypt,FALSE
2024-11-19,Mauritania,Cape Verde,1,0,African Cup of Nations qualification,Nouakchott,Mauritania,FALSE
2024-11-19,Ivory Coast,Chad,4,0,African Cup of Nations qualification,Abidjan,Ivory Coast,FALSE
2024-11-19,Sierra Leone,Zambia,0,2,African Cup of Nations qualification,Monrovia,Liberia,TRUE
2024-11-19,DR Congo,Ethiopia,1,2,African Cup of Nations qualification,Kinshasa,DR Congo,FALSE
2024-11-19,Tanzania,Guinea,1,0,African Cup of Nations qualification,Dar es Salaam,Tanzania,FALSE
2024-11-19,Mali,Eswatini,6,0,African Cup of Nations qualification,Bamako,Mali,FALSE
2024-11-19,Guinea-Bissau,Mozambique,1,2,African Cup of Nations qualification,Bissau,Guinea-Bissau,FALSE
2024-11-19,Cameroon,Zimbabwe,2,1,African Cup of Nations qualification,Yaoundé,Cameroon,FALSE
2024-11-19,Kenya,Namibia,0,0,African Cup of Nations qualification,Polokwane,South Africa,TRUE
2024-11-19,South Africa,South Sudan,3,0,African Cup of Nations qualification,Cape Town,South Africa,FALSE
2024-11-19,Congo,Uganda,0,1,African Cup of Nations qualification,Brazzaville,Congo,FALSE
2024-11-19,Senegal,Burundi,2,0,African Cup of Nations qualification,Dakar,Senegal,FALSE
2024-12-08,Cambodia,Malaysia,2,2,ASEAN Championship,Phnom Penh,Cambodia,FALSE
2024-12-08,Timor-Leste,Thailand,0,10,ASEAN Championship,Hanoi,Vietnam,TRUE
2024-12-08,Hong Kong,Mongolia,3,0,EAFF Championship qualification,Hong Kong,Hong Kong,FALSE
2024-12-09,Myanmar,Indonesia,0,1,ASEAN Championship,Yangon,Myanmar,FALSE
2024-12-09,Laos,Vietnam,1,4,ASEAN Championship,Vientiane,Laos,FALSE
2024-12-09,Solomon Islands,Vanuatu,4,1,MSG Prime Minister's Cup,Honiara,Solomon Islands,FALSE
2024-12-11,Singapore,Cambodia,2,1,ASEAN Championship,Singapore,Singapore,FALSE
2024-12-11,Malaysia,Timor-Leste,3,2,ASEAN Championship,Kuala Lumpur,Malaysia,FALSE
2024-12-11,Taiwan,Mongolia,4,0,EAFF Championship qualification,Hong Kong,Hong Kong,TRUE
2024-12-12,Philippines,Myanmar,1,1,ASEAN Championship,Manila,Philippines,FALSE
2024-12-12,Indonesia,Laos,3,3,ASEAN Championship,Surakarta,Indonesia,FALSE
2024-12-12,Fiji,Vanuatu,1,1,MSG Prime Minister's Cup,Honiara,Solomon Islands,TRUE
2024-12-14,Timor-Leste,Singapore,0,3,ASEAN Championship,Hanoi,Vietnam,TRUE
2024-12-14,Thailand,Malaysia,1,0,ASEAN Championship,Bangkok,Thailand,FALSE
2024-12-14,Macau,Guam,1,2,EAFF Championship qualification,Hong Kong,Hong Kong,TRUE
2024-12-14,Hong Kong,Taiwan,2,1,EAFF Championship qualification,Hong Kong,Hong Kong,FALSE
2024-12-15,Laos,Philippines,1,1,ASEAN Championship,Vientiane,Laos,FALSE
2024-12-15,Vietnam,Indonesia,1,0,ASEAN Championship,Việt Trì,Vietnam,FALSE
2024-12-15,Papua New Guinea,Fiji,1,1,MSG Prime Minister's Cup,Honiara,Solomon Islands,TRUE
2024-12-17,Cambodia,Timor-Leste,2,1,ASEAN Championship,Phnom Penh,Cambodia,FALSE
2024-12-17,Singapore,Thailand,2,4,ASEAN Championship,Singapore,Singapore,FALSE
2024-12-17,Hong Kong,Guam,5,0,EAFF Championship qualification,Hong Kong,Hong Kong,FALSE
2024-12-18,Myanmar,Laos,3,2,ASEAN Championship,Yangon,Myanmar,FALSE
2024-12-18,Philippines,Vietnam,1,1,ASEAN Championship,Manila,Philippines,FALSE
2024-12-18,Solomon Islands,Papua New Guinea,2,3,MSG Prime Minister's Cup,Honiara,Solomon Islands,FALSE
2024-12-20,Thailand,Cambodia,3,2,ASEAN Championship,Bangkok,Thailand,FALSE
2024-12-20,Malaysia,Singapore,0,0,ASEAN Championship,Kuala Lumpur,Malaysia,FALSE
2024-12-21,Vietnam,Myanmar,5,0,ASEAN Championship,Việt Trì,Vietnam,FALSE
2024-12-21,Indonesia,Philippines,0,1,ASEAN Championship,Surakarta,Indonesia,FALSE
2024-12-21,Kuwait,Oman,1,1,Gulf Cup,Kuwait City,Kuwait,FALSE
2024-12-21,Qatar,United Arab Emirates,1,1,Gulf Cup,Sulaibikhat,Kuwait,TRUE
2024-12-21,Vanuatu,Papua New Guinea,1,2,MSG Prime Minister's Cup,Honiara,Solomon Islands,TRUE
2024-12-21,Solomon Islands,Fiji,1,3,MSG Prime Minister's Cup,Honiara,Solomon Islands,FALSE
2024-12-22,Iraq,Yemen,1,0,Gulf Cup,Sulaibikhat,Kuwait,TRUE
2024-12-22,Saudi Arabia,Bahrain,2,3,Gulf Cup,Kuwait City,Kuwait,TRUE
2024-12-24,Oman,Qatar,2,1,Gulf Cup,Sulaibikhat,Kuwait,TRUE
2024-12-24,Kuwait,United Arab Emirates,2,1,Gulf Cup,Kuwait City,Kuwait,FALSE
2024-12-25,Yemen,Saudi Arabia,2,3,Gulf Cup,Sulaibikhat,Kuwait,TRUE
2024-12-25,Bahrain,Iraq,2,0,Gulf Cup,Kuwait City,Kuwait,TRUE
2024-12-26,Singapore,Vietnam,0,2,ASEAN Championship,Singapore,Singapore,FALSE
2024-12-27,Philippines,Thailand,2,1,ASEAN Championship,Manila,Philippines,FALSE
2024-12-27,Kuwait,Qatar,1,1,Gulf Cup,Kuwait City,Kuwait,FALSE
2024-12-27,United Arab Emirates,Oman,1,1,Gulf Cup,Sulaibikhat,Kuwait,TRUE
2024-12-28,Iraq,Saudi Arabia,1,3,Gulf Cup,Kuwait City,Kuwait,TRUE
2024-12-28,Bahrain,Yemen,1,2,Gulf Cup,Sulaibikhat,Kuwait,TRUE
2024-12-29,Vietnam,Singapore,3,1,ASEAN Championship,Việt Trì,Vietnam,FALSE
2024-12-30,Thailand,Philippines,3,1,ASEAN Championship,Bangkok,Thailand,FALSE
2024-12-31,Oman,Saudi Arabia,2,1,Gulf Cup,Sulaibikhat,Kuwait,TRUE
2024-12-31,Kuwait,Bahrain,0,1,Gulf Cup,Kuwait City,Kuwait,FALSE
2025-01-02,Vietnam,Thailand,2,1,ASEAN Championship,Việt Trì,Vietnam,FALSE
2025-01-03,Zanzibar,Tanzania,1,0,Mapinduzi Cup,Gombani,Zanzibar,FALSE
2025-01-04,Oman,Bahrain,1,2,Gulf Cup,Kuwait City,Kuwait,TRUE
2025-01-04,Burkina Faso,Kenya,1,1,Mapinduzi Cup,Gombani,Zanzibar,TRUE
2025-01-05,Thailand,Vietnam,2,3,ASEAN Championship,Bangkok,Thailand,FALSE
2025-01-06,Zanzibar,Burkina Faso,0,1,Mapinduzi Cup,Gombani,Zanzibar,FALSE
2025-01-07,Tanzania,Kenya,0,2,Mapinduzi Cup,Gombani,Zanzibar,TRUE
2025-01-09,Tanzania,Burkina Faso,0,2,Mapinduzi Cup,Gombani,Zanzibar,TRUE
2025-01-10,Zanzibar,Kenya,1,0,Mapinduzi Cup,Gombani,Zanzibar,FALSE
2025-01-13,Zanzibar,Burkina Faso,2,1,Mapinduzi Cup,Gombani,Zanzibar,FALSE
2025-01-18,United States,Venezuela,3,1,Friendly,Fort Lauderdale,United States,FALSE
2025-01-22,United States,Costa Rica,3,0,Friendly,Orlando,United States,FALSE
2025-01-22,Uzbekistan,Jordan,0,0,Friendly,Doha,Qatar,TRUE
2025-02-07,Jamaica,Trinidad and Tobago,1,0,Friendly,Montego Bay,Jamaica,FALSE
2025-02-08,Chile,Panama,6,1,Friendly,Santiago,Chile,FALSE
2025-02-10,Jamaica,Trinidad and Tobago,1,1,Friendly,Kingston,Jamaica,FALSE
2025-02-13,Oman,Sudan,0,0,Friendly,Muscat,Oman,FALSE
2025-03-09,Saint Vincent and the Grenadines,Grenada,1,1,Friendly,Kingstown,Saint Vincent and the Grenadines,FALSE
2025-03-13,Oman,Sudan,0,0,Friendly,Muscat,Oman,FALSE
2025-03-14,Jordan,North Korea,1,1,Friendly,Amman,Jordan,FALSE
2025-03-16,Honduras,Guatemala,1,2,Friendly,Fort Lauderdale,United States,TRUE
2025-03-19,Hong Kong,Macau,2,0,Friendly,Hong Kong,Hong Kong,FALSE
2025-03-19,India,Maldives,3,0,Friendly,Shillong,India,FALSE
2025-03-19,Vietnam,Cambodia,2,1,Friendly,Thủ Dầu Một,Vietnam,FALSE
2025-03-19,Eswatini,Cameroon,0,0,FIFA World Cup qualification,Mbombela,South Africa,TRUE
2025-03-19,Liberia,Tunisia,0,1,FIFA World Cup qualification,Monrovia,Liberia,FALSE
2025-03-19,Central African Republic,Madagascar,1,4,FIFA World Cup qualification,Casablanca,Morocco,TRUE
2025-03-19,Kazakhstan,Curaçao,2,0,Friendly,Antalya,Turkey,TRUE
2025-03-19,Russia,Grenada,5,0,Friendly,Moscow,Russia,FALSE
2025-03-20,Canada,Mexico,0,2,CONCACAF Nations League,Inglewood,United States,TRUE
2025-03-20,United States,Panama,0,1,CONCACAF Nations League,Inglewood,United States,FALSE
2025-03-20,Croatia,France,2,0,UEFA Nations League,Split,Croatia,FALSE
2025-03-20,Denmark,Portugal,1,0,UEFA Nations League,Copenhagen,Denmark,FALSE
2025-03-20,Italy,Germany,1,2,UEFA Nations League,Milan,Italy,FALSE
2025-03-20,Netherlands,Spain,2,2,UEFA Nations League,Rotterdam,Netherlands,FALSE
2025-03-20,Austria,Serbia,1,1,UEFA Nations League,Vienna,Austria,FALSE
2025-03-20,Greece,Scotland,0,1,UEFA Nations League,Piraeus,Greece,FALSE
2025-03-20,Turkey,Hungary,3,1,UEFA Nations League,Istanbul,Turkey,FALSE
2025-03-20,Ukraine,Belgium,3,1,UEFA Nations League,Murcia,Spain,TRUE
2025-03-20,Armenia,Georgia,0,3,UEFA Nations League,Yerevan,Armenia,FALSE
2025-03-20,Bulgaria,Republic of Ireland,1,2,UEFA Nations League,Plovdiv,Bulgaria,FALSE
2025-03-20,Kosovo,Iceland,2,1,UEFA Nations League,Pristina,Kosovo,FALSE
2025-03-20,Slovakia,Slovenia,0,0,UEFA Nations League,Bratislava,Slovakia,FALSE
2025-03-20,Laos,Sri Lanka,1,2,Friendly,Vientiane,Laos,FALSE
2025-03-20,Tajikistan,Belarus,0,5,Friendly,Dushanbe,Tajikistan,FALSE
2025-03-20,Paraguay,Chile,1,0,FIFA World Cup qualification,Asunción,Paraguay,FALSE
2025-03-20,Peru,Bolivia,3,1,FIFA World Cup qualification,Lima,Peru,FALSE
2025-03-20,Brazil,Colombia,2,1,FIFA World Cup qualification,Brasília,Brazil,FALSE
2025-03-20,Iran,United Arab Emirates,2,0,FIFA World Cup qualification,Tehran,Iran,FALSE
2025-03-20,Uzbekistan,Kyrgyzstan,1,0,FIFA World Cup qualification,Tashkent,Uzbekistan,FALSE
2025-03-20,Qatar,North Korea,5,1,FIFA World Cup qualification,Al Rayyan,Qatar,FALSE
2025-03-20,South Korea,Oman,1,1,FIFA World Cup qualification,Goyang,South Korea,FALSE
2025-03-20,Iraq,Kuwait,2,2,FIFA World Cup qualification,Basra,Iraq,FALSE
2025-03-20,Jordan,Palestine,3,1,FIFA World Cup qualification,Amman,Jordan,FALSE
2025-03-20,Japan,Bahrain,2,0,FIFA World Cup qualification,Saitama,Japan,FALSE
2025-03-20,Australia,Indonesia,5,1,FIFA World Cup qualification,Sydney,Australia,FALSE
2025-03-20,Saudi Arabia,China,1,0,FIFA World Cup qualification,Riyadh,Saudi Arabia,FALSE
2025-03-20,Sierra Leone,Guinea-Bissau,3,1,FIFA World Cup qualification,Monrovia,Liberia,TRUE
2025-03-20,Zimbabwe,Benin,2,2,FIFA World Cup qualification,Durban,South Africa,TRUE
2025-03-20,Cape Verde,Mauritius,1,0,FIFA World Cup qualification,Praia,Cape Verde,FALSE
2025-03-20,Libya,Angola,1,1,FIFA World Cup qualification,Benghazi,Libya,FALSE
2025-03-20,Gambia,Kenya,3,3,FIFA World Cup qualification,Ebimpé,Ivory Coast,TRUE
2025-03-20,Gabon,Seychelles,3,0,FIFA World Cup qualification,Franceville,Gabon,FALSE
2025-03-20,Mozambique,Uganda,3,1,FIFA World Cup qualification,Cairo,Egypt,TRUE
2025-03-20,Malawi,Namibia,0,1,FIFA World Cup qualification,Lilongwe,Malawi,FALSE
2025-03-20,Comoros,Mali,0,3,FIFA World Cup qualification,Berkane,Morocco,TRUE
2025-03-20,Lebanon,Timor-Leste,4,0,Friendly,Al Khor,Qatar,TRUE
2025-03-21,Belize,Costa Rica,0,7,Gold Cup qualification,Belmopan,Belize,FALSE
2025-03-21,Guyana,Guatemala,3,2,Gold Cup qualification,Wildey,Barbados,TRUE
2025-03-21,Bermuda,Honduras,3,5,Gold Cup qualification,Hamilton,Bermuda,FALSE
2025-03-21,Saint Vincent and the Grenadines,Jamaica,1,1,Gold Cup qualification,Kingstown,Saint Vincent and the Grenadines,FALSE
2025-03-21,Suriname,Martinique,1,0,Gold Cup qualification,Paramaribo,Suriname,FALSE
2025-03-21,Guadeloupe,Nicaragua,1,0,Gold Cup qualification,Le Gosier,Guadeloupe,FALSE
2025-03-21,Cuba,Trinidad and Tobago,1,2,Gold Cup qualification,Santiago de Cuba,Cuba,FALSE
2025-03-21,Northern Ireland,Switzerland,1,1,Friendly,Belfast,Northern Ireland,FALSE
2025-03-21,Puerto Rico,Dominican Republic,2,2,Friendly,Bayamón,Puerto Rico,FALSE
2025-03-21,Singapore,Nepal,0,1,Friendly,Kallang,Singapore,FALSE
2025-03-21,Thailand,Afghanistan,2,0,Friendly,Bangkok,Thailand,FALSE
2025-03-21,Ecuador,Venezuela,2,1,FIFA World Cup qualification,Quito,Ecuador,FALSE
2025-03-21,Uruguay,Argentina,0,1,FIFA World Cup qualification,Montevideo,Uruguay,FALSE
2025-03-21,New Caledonia,Tahiti,3,0,FIFA World Cup qualification,Wellington,New Zealand,TRUE
2025-03-21,New Zealand,Fiji,7,0,FIFA World Cup qualification,Wellington,New Zealand,FALSE
2025-03-21,Burkina Faso,Djibouti,4,1,FIFA World Cup qualification,El Jadida,Morocco,TRUE
2025-03-21,Ethiopia,Egypt,0,2,FIFA World Cup qualification,Casablanca,Morocco,TRUE
2025-03-21,DR Congo,South Sudan,1,0,FIFA World Cup qualification,Kinshasa,DR Congo,FALSE
2025-03-21,Rwanda,Nigeria,0,2,FIFA World Cup qualification,Kigali,Rwanda,FALSE
2025-03-21,South Africa,Lesotho,0,3,FIFA World Cup qualification,Polokwane,South Africa,FALSE
2025-03-21,Morocco,Niger,2,1,FIFA World Cup qualification,Oujda,Morocco,FALSE
2025-03-21,Burundi,Ivory Coast,0,1,FIFA World Cup qualification,Meknes,Morocco,TRUE
2025-03-21,Botswana,Algeria,1,3,FIFA World Cup qualification,Francistown,Botswana,FALSE
2025-03-21,Guinea,Somalia,0,0,FIFA World Cup qualification,Ebimpé,Ivory Coast,TRUE
2025-03-21,Equatorial Guinea,São Tomé and Príncipe,2,0,FIFA World Cup qualification,Malabo,Equatorial Guinea,FALSE
2025-03-21,Ghana,Chad,5,0,FIFA World Cup qualification,Accra,Ghana,FALSE
2025-03-21,Malta,Finland,0,1,FIFA World Cup qualification,Ta' Qali,Malta,FALSE
2025-03-21,Poland,Lithuania,1,0,FIFA World Cup qualification,Warsaw,Poland,FALSE
2025-03-21,Cyprus,San Marino,2,0,FIFA World Cup qualification,Larnaca,Cyprus,FALSE
2025-03-21,Romania,Bosnia and Herzegovina,0,1,FIFA World Cup qualification,Bucharest,Romania,FALSE
2025-03-21,England,Albania,2,0,FIFA World Cup qualification,London,England,FALSE
2025-03-21,Andorra,Latvia,0,1,FIFA World Cup qualification,Andorra la Vella,Andorra,FALSE
2025-03-22,Azerbaijan,Haiti,0,3,Friendly,Sumgait,Azerbaijan,FALSE
2025-03-22,Luxembourg,Sweden,1,0,Friendly,Luxembourg,Luxembourg,FALSE
2025-03-22,Togo,Mauritania,2,2,FIFA World Cup qualification,Lomé,Togo,FALSE
2025-03-22,Sudan,Senegal,0,0,FIFA World Cup qualification,Benghazi,Libya,TRUE
2025-03-22,Moldova,Norway,0,5,FIFA World Cup qualification,Chișinău,Moldova,FALSE
2025-03-22,Israel,Estonia,2,1,FIFA World Cup qualification,Debrecen,Hungary,TRUE
2025-03-22,Liechtenstein,North Macedonia,0,3,FIFA World Cup qualification,Vaduz,Liechtenstein,FALSE
2025-03-22,Wales,Kazakhstan,3,1,FIFA World Cup qualification,Cardiff,Wales,FALSE
2025-03-22,Montenegro,Gibraltar,3,1,FIFA World Cup qualification,Nikšić,Montenegro,FALSE
2025-03-22,Czech Republic,Faroe Islands,2,1,FIFA World Cup qualification,Hradec Králové,Czech Republic,FALSE
2025-03-23,United States,Canada,1,2,CONCACAF Nations League,Inglewood,United States,FALSE
2025-03-23,Panama,Mexico,1,2,CONCACAF Nations League,Inglewood,United States,TRUE
2025-03-23,France,Croatia,2,0,UEFA Nations League,Paris,France,FALSE
2025-03-23,Germany,Italy,3,3,UEFA Nations League,Dortmund,Germany,FALSE
2025-03-23,Portugal,Denmark,5,2,UEFA Nations League,Lisbon,Portugal,FALSE
2025-03-23,Spain,Netherlands,3,3,UEFA Nations League,Valencia,Spain,FALSE
2025-03-23,Belgium,Ukraine,3,0,UEFA Nations League,Genk,Belgium,FALSE
2025-03-23,Hungary,Turkey,0,3,UEFA Nations League,Budapest,Hungary,FALSE
2025-03-23,Scotland,Greece,0,3,UEFA Nations League,Glasgow,Scotland,FALSE
2025-03-23,Serbia,Austria,2,0,UEFA Nations League,Belgrade,Serbia,FALSE
2025-03-23,Georgia,Armenia,6,1,UEFA Nations League,Tbilisi,Georgia,FALSE
2025-03-23,Iceland,Kosovo,1,3,UEFA Nations League,Murcia,Spain,TRUE
2025-03-23,Republic of Ireland,Bulgaria,2,1,UEFA Nations League,Dublin,Republic of Ireland,FALSE
2025-03-23,Slovenia,Slovakia,1,0,UEFA Nations League,Ljubljana,Slovenia,FALSE
2025-03-23,Eswatini,Mauritius,3,3,FIFA World Cup qualification,Mbombela,South Africa,TRUE
2025-03-23,Kenya,Gabon,1,2,FIFA World Cup qualification,Nairobi,Kenya,FALSE
2025-03-24,New Zealand,New Caledonia,3,0,FIFA World Cup qualification,Auckland,New Zealand,FALSE
2025-03-24,Guinea-Bissau,Burkina Faso,1,2,FIFA World Cup qualification,Bissau,Guinea-Bissau,FALSE
2025-03-24,Ethiopia,Djibouti,6,1,FIFA World Cup qualification,El Jadida,Morocco,TRUE
2025-03-24,Ivory Coast,Gambia,1,0,FIFA World Cup qualification,Abidjan,Ivory Coast,FALSE
2025-03-24,Namibia,Equatorial Guinea,1,1,FIFA World Cup qualification,Johannesburg,South Africa,TRUE
2025-03-24,Liberia,São Tomé and Príncipe,2,1,FIFA World Cup qualification,Monrovia,Liberia,FALSE
2025-03-24,Tunisia,Malawi,2,0,FIFA World Cup qualification,Radès,Tunisia,FALSE
2025-03-24,Central African Republic,Mali,0,0,FIFA World Cup qualification,Casablanca,Morocco,TRUE
2025-03-24,Madagascar,Ghana,0,3,FIFA World Cup qualification,Al Hoceima,Morocco,TRUE
2025-03-24,Lithuania,Finland,2,2,FIFA World Cup qualification,Kaunas,Lithuania,FALSE
2025-03-24,Poland,Malta,2,0,FIFA World Cup qualification,Warsaw,Poland,FALSE
2025-03-24,Bosnia and Herzegovina,Cyprus,2,1,FIFA World Cup qualification,Zenica,Bosnia and Herzegovina,FALSE
2025-03-24,San Marino,Romania,1,5,FIFA World Cup qualification,Serravalle,San Marino,FALSE
2025-03-24,England,Latvia,3,0,FIFA World Cup qualification,London,England,FALSE
2025-03-24,Albania,Andorra,3,0,FIFA World Cup qualification,Tirana,Albania,FALSE
2025-03-25,Tajikistan,Timor-Leste,1,0,AFC Asian Cup qualification,Dushanbe,Tajikistan,FALSE
2025-03-25,Philippines,Maldives,4,1,AFC Asian Cup qualification,Capas,Philippines,FALSE
2025-03-25,Bhutan,Yemen,0,0,AFC Asian Cup qualification,Thimphu,Bhutan,FALSE
2025-03-25,Lebanon,Brunei,5,0,AFC Asian Cup qualification,Al Wakrah,Qatar,TRUE
2025-03-25,India,Bangladesh,0,0,AFC Asian Cup qualification,Shillong,India,FALSE
2025-03-25,Singapore,Hong Kong,0,0,AFC Asian Cup qualification,Kallang,Singapore,FALSE
2025-03-25,Taiwan,Turkmenistan,1,2,AFC Asian Cup qualification,Kaohsiung,Taiwan,FALSE
2025-03-25,Thailand,Sri Lanka,1,0,AFC Asian Cup qualification,Bangkok,Thailand,FALSE
2025-03-25,Myanmar,Afghanistan,2,1,AFC Asian Cup qualification,Yangon,Myanmar,FALSE
2025-03-25,Syria,Pakistan,2,0,AFC Asian Cup qualification,Al Hofuf,Saudi Arabia,TRUE
2025-03-25,Vietnam,Laos,5,0,AFC Asian Cup qualification,Thủ Dầu Một,Vietnam,FALSE
2025-03-25,Malaysia,Nepal,2,0,AFC Asian Cup qualification,Johor,Malaysia,FALSE
2025-03-25,Costa Rica,Belize,6,1,Gold Cup qualification,San José,Costa Rica,FALSE
2025-03-25,Guatemala,Guyana,2,0,Gold Cup qualification,Guatemala City,Guatemala,FALSE
2025-03-25,Honduras,Bermuda,2,0,Gold Cup qualification,Tegucigalpa,Honduras,FALSE
2025-03-25,Jamaica,Saint Vincent and the Grenadines,3,0,Gold Cup qualification,Kingston,Jamaica,FALSE
2025-03-25,Martinique,Suriname,0,1,Gold Cup qualification,Fort-de-France,Martinique,FALSE
2025-03-25,Nicaragua,Guadeloupe,0,1,Gold Cup qualification,Managua,Nicaragua,FALSE
2025-03-25,Trinidad and Tobago,Cuba,4,0,Gold Cup qualification,Couva,Trinidad and Tobago,FALSE
2025-03-25,Azerbaijan,Belarus,0,2,Friendly,Masazir,Azerbaijan,FALSE
2025-03-25,Russia,Zambia,5,0,Friendly,Moscow,Russia,FALSE
2025-03-25,Cambodia,Aruba,1,2,Friendly,Phnom Penh,Cambodia,FALSE
2025-03-25,Dominican Republic,Puerto Rico,2,0,Friendly,Santiago de los Caballeros,Dominican Republic,FALSE
2025-03-25,Niger,Bonaire,6,0,Friendly,Casablanca,Morocco,TRUE
2025-03-25,Sweden,Northern Ireland,5,1,Friendly,Solna,Sweden,FALSE
2025-03-25,Switzerland,Luxembourg,3,1,Friendly,St. Gallen,Switzerland,FALSE
2025-03-25,Bolivia,Uruguay,0,0,FIFA World Cup qualification,El Alto,Bolivia,FALSE
2025-03-25,Colombia,Paraguay,2,2,FIFA World Cup qualification,Barranquilla,Colombia,FALSE
2025-03-25,Venezuela,Peru,1,0,FIFA World Cup qualification,Maturín,Venezuela,FALSE
2025-03-25,Argentina,Brazil,4,1,FIFA World Cup qualification,Buenos Aires,Argentina,FALSE
2025-03-25,Chile,Ecuador,0,0,FIFA World Cup qualification,Santiago,Chile,FALSE
2025-03-25,Iran,Uzbekistan,2,2,FIFA World Cup qualification,Tehran,Iran,FALSE
2025-03-25,Kyrgyzstan,Qatar,3,1,FIFA World Cup qualification,Bishkek,Kyrgyzstan,FALSE
2025-03-25,North Korea,United Arab Emirates,1,2,FIFA World Cup qualification,Riyadh,Saudi Arabia,TRUE
2025-03-25,South Korea,Jordan,1,1,FIFA World Cup qualification,Suwon,South Korea,FALSE
2025-03-25,Kuwait,Oman,0,1,FIFA World Cup qualification,Kuwait City,Kuwait,FALSE
2025-03-25,Palestine,Iraq,2,1,FIFA World Cup qualification,Amman,Jordan,TRUE
2025-03-25,China,Australia,0,2,FIFA World Cup qualification,Hangzhou,China,FALSE
2025-03-25,Japan,Saudi Arabia,0,0,FIFA World Cup qualification,Saitama,Japan,FALSE
2025-03-25,Indonesia,Bahrain,1,0,FIFA World Cup qualification,Jakarta,Indonesia,FALSE
2025-03-25,Egypt,Sierra Leone,1,0,FIFA World Cup qualification,Cairo,Egypt,FALSE
2025-03-25,Mauritania,DR Congo,0,2,FIFA World Cup qualification,Nouadhibou,Mauritania,FALSE
2025-03-25,Senegal,Togo,2,0,FIFA World Cup qualification,Diamniadio,Senegal,FALSE
2025-03-25,Sudan,South Sudan,1,1,FIFA World Cup qualification,Benghazi,Libya,TRUE
2025-03-25,Benin,South Africa,0,2,FIFA World Cup qualification,Abidjan,Ivory Coast,TRUE
2025-03-25,Nigeria,Zimbabwe,1,1,FIFA World Cup qualification,Uyo,Nigeria,FALSE
2025-03-25,Rwanda,Lesotho,1,1,FIFA World Cup qualification,Kigali,Rwanda,FALSE
2025-03-25,Angola,Cape Verde,1,2,FIFA World Cup qualification,Luanda,Angola,FALSE
2025-03-25,Cameroon,Libya,3,1,FIFA World Cup qualification,Yaoundé,Cameroon,FALSE
2025-03-25,Morocco,Tanzania,2,0,FIFA World Cup qualification,Oujda,Morocco,FALSE
2025-03-25,Burundi,Seychelles,5,0,FIFA World Cup qualification,Meknes,Morocco,TRUE
2025-03-25,Uganda,Guinea,1,0,FIFA World Cup qualification,Kira,Uganda,FALSE
2025-03-25,Botswana,Somalia,2,0,FIFA World Cup qualification,Francistown,Botswana,FALSE
2025-03-25,Algeria,Mozambique,5,1,FIFA World Cup qualification,Tizi Ouzou,Algeria,FALSE
2025-03-25,Comoros,Chad,1,0,FIFA World Cup qualification,Berkane,Morocco,TRUE
2025-03-25,Moldova,Estonia,2,3,FIFA World Cup qualification,Chișinău,Moldova,FALSE
2025-03-25,Israel,Norway,2,4,FIFA World Cup qualification,Debrecen,Hungary,TRUE
2025-03-25,Liechtenstein,Kazakhstan,0,2,FIFA World Cup qualification,Vaduz,Liechtenstein,FALSE
2025-03-25,North Macedonia,Wales,1,1,FIFA World Cup qualification,Skopje,North Macedonia,FALSE
2025-03-25,Gibraltar,Czech Republic,0,4,FIFA World Cup qualification,Faro-Loulé,Portugal,TRUE
2025-03-25,Montenegro,Faroe Islands,1,0,FIFA World Cup qualification,Nikšić,Montenegro,FALSE
2025-05-09,Dominica,Barbados,0,0,Friendly,Roseau,Dominica,FALSE
2025-05-11,Dominica,Barbados,0,0,Friendly,Roseau,Dominica,FALSE
2025-05-21,Saint Kitts and Nevis,Saint Vincent and the Grenadines,1,3,Friendly,Old Road Town,Saint Kitts and Nevis,FALSE
2025-05-25,Anguilla,Saint Kitts and Nevis,2,4,Friendly,Quartier-d'Orleans,Saint Martin,TRUE
2025-05-25,Saint Vincent and the Grenadines,Saint Kitts and Nevis,3,0,Friendly,Georgetown,Saint Vincent and the Grenadines,FALSE
2025-05-27,Jamaica,Trinidad and Tobago,3,2,Unity Cup,London,England,TRUE
2025-05-28,Nigeria,Ghana,2,1,Unity Cup,London,England,TRUE
2025-05-28,Oman,Lebanon,1,0,Friendly,Muscat,Oman,FALSE
2025-05-29,Malaysia,Cape Verde,1,1,Friendly,Kuala Lumpur,Malaysia,FALSE
2025-05-30,Saint Vincent and the Grenadines,British Virgin Islands,1,1,Friendly,Kingstown,Saint Vincent and the Grenadines,FALSE
2025-05-30,Saudi Arabia,Jordan,2,0,Friendly,Dammam,Saudi Arabia,FALSE
2025-05-31,Trinidad and Tobago,Ghana,0,4,Unity Cup,London,England,TRUE
2025-05-31,Jamaica,Nigeria,2,2,Unity Cup,London,England,TRUE
2025-06-01,Grenada,Anguilla,2,0,Friendly,St. George's,Grenada,FALSE
2025-06-01,El Salvador,Guatemala,1,1,Friendly,Chattanooga,United States,TRUE
2025-06-01,Puerto Rico,Nicaragua,1,1,Friendly,Pawtucket,United States,TRUE
2025-06-02,Tunisia,Burkina Faso,2,0,Friendly,Radès,Tunisia,FALSE
2025-06-03,Malaysia,Cape Verde,0,3,Friendly,Kuala Lumpur,Malaysia,FALSE
2025-06-04,Germany,Portugal,1,2,UEFA Nations League,Munich,Germany,FALSE
2025-06-04,Thailand,India,2,0,Friendly,Pathum Thani,Thailand,FALSE
2025-06-04,Bangladesh,Bhutan,2,0,Friendly,Dhaka,Bangladesh,FALSE
2025-06-04,Bermuda,Cayman Islands,5,0,FIFA World Cup qualification,Devonshire Parish,Bermuda,FALSE
2025-06-04,Grenada,Bahamas,6,0,FIFA World Cup qualification,St. George's,Grenada,FALSE
2025-06-04,Barbados,Aruba,1,1,FIFA World Cup qualification,Wildey,Barbados,FALSE
2025-06-04,Montserrat,Belize,1,0,FIFA World Cup qualification,Couva,Trinidad and Tobago,TRUE
2025-06-04,Dominica,British Virgin Islands,3,0,FIFA World Cup qualification,Roseau,Dominica,FALSE
2025-06-04,Saint Vincent and the Grenadines,Anguilla,6,0,FIFA World Cup qualification,Kingstown,Saint Vincent and the Grenadines,FALSE
2025-06-05,Spain,France,5,4,UEFA Nations League,Stuttgart,Germany,TRUE
2025-06-05,Algeria,Rwanda,2,0,Friendly,Constantine,Algeria,FALSE
2025-06-05,Belarus,Kazakhstan,4,1,Friendly,Borisov,Belarus,FALSE
2025-06-05,Cambodia,Tajikistan,1,2,Friendly,Phnom Penh,Cambodia,FALSE
2025-06-05,DR Congo,Mali,1,0,Friendly,Orléans,France,TRUE
2025-06-05,Georgia,Faroe Islands,1,0,Friendly,Tbilisi,Georgia,FALSE
2025-06-05,Hong Kong,Nepal,0,0,Friendly,Hong Kong,Hong Kong,FALSE
2025-06-05,Singapore,Maldives,3,1,Friendly,Bishan,Singapore,FALSE
2025-06-05,Ecuador,Brazil,0,0,FIFA World Cup qualification,Guayaquil,Ecuador,FALSE
2025-06-05,Paraguay,Uruguay,2,0,FIFA World Cup qualification,Asunción,Paraguay,FALSE
2025-06-05,Chile,Argentina,0,1,FIFA World Cup qualification,Santiago,Chile,FALSE
2025-06-05,United Arab Emirates,Uzbekistan,0,0,FIFA World Cup qualification,Abu Dhabi,United Arab Emirates,FALSE
2025-06-05,North Korea,Kyrgyzstan,2,2,FIFA World Cup qualification,Riyadh,Saudi Arabia,TRUE
2025-06-05,Qatar,Iran,1,0,FIFA World Cup qualification,Al Rayyan,Qatar,FALSE
2025-06-05,Oman,Jordan,0,3,FIFA World Cup qualification,Muscat,Oman,FALSE
2025-06-05,Iraq,South Korea,0,2,FIFA World Cup qualification,Basra,Iraq,FALSE
2025-06-05,Kuwait,Palestine,0,2,FIFA World Cup qualification,Kuwait City,Kuwait,FALSE
2025-06-05,Bahrain,Saudi Arabia,0,2,FIFA World Cup qualification,Riffa,Bahrain,FALSE
2025-06-05,Australia,Japan,1,0,FIFA World Cup qualification,Perth,Australia,FALSE
2025-06-05,Indonesia,China,1,0,FIFA World Cup qualification,Jakarta,Indonesia,FALSE
2025-06-05,Sri Lanka,Brunei,1,0,Friendly,Bangkok,Thailand,TRUE
2025-06-06,Bulgaria,Cyprus,2,2,Friendly,Plovdiv,Bulgaria,FALSE
2025-06-06,Burundi,Guinea-Bissau,1,0,Friendly,Berrechid,Egypt,TRUE
2025-06-06,Central African Republic,Mauritania,2,1,Friendly,Casablanca,Morocco,TRUE
2025-06-06,Equatorial Guinea,Gambia,1,2,Friendly,Marrakesh,Morocco,TRUE
2025-06-06,Hungary,Sweden,0,2,Friendly,Budapest,Hungary,FALSE
2025-06-06,Kosovo,Armenia,5,2,Friendly,Pristina,Kosovo,FALSE
2025-06-06,Luxembourg,Slovenia,0,1,Friendly,Luxembourg,Luxembourg,FALSE
2025-06-06,Morocco,Tunisia,2,0,Friendly,Fez,Morocco,FALSE
2025-06-06,Niger,Gabon,4,3,Friendly,Casablanca,Morocco,TRUE
2025-06-06,Poland,Moldova,2,0,Friendly,Chorzów,Poland,FALSE
2025-06-06,Republic of Ireland,Senegal,1,1,Friendly,Dublin,Republic of Ireland,FALSE
2025-06-06,Scotland,Iceland,1,3,Friendly,Glasgow,Scotland,FALSE
2025-06-06,South Africa,Tanzania,0,0,Friendly,Polokwane,South Africa,FALSE
2025-06-06,Uganda,Cameroon,0,3,Friendly,Marrakesh,Morocco,TRUE
2025-06-06,Zimbabwe,Burkina Faso,0,2,Friendly,Mohammedia,Morocco,TRUE
2025-06-06,Russia,Nigeria,1,1,Friendly,Moscow,Russia,FALSE
2025-06-06,Colombia,Peru,0,0,FIFA World Cup qualification,Barranquilla,Colombia,FALSE
2025-06-06,Venezuela,Bolivia,2,0,FIFA World Cup qualification,Maturín,Venezuela,FALSE
2025-06-06,Norway,Italy,3,0,FIFA World Cup qualification,Oslo,Norway,FALSE
2025-06-06,Estonia,Israel,1,3,FIFA World Cup qualification,Tallinn,Estonia,FALSE
2025-06-06,Wales,Liechtenstein,3,0,FIFA World Cup qualification,Cardiff,Wales,FALSE
2025-06-06,North Macedonia,Belgium,1,1,FIFA World Cup qualification,Skopje,North Macedonia,FALSE
2025-06-06,Czech Republic,Montenegro,2,0,FIFA World Cup qualification,Plzeň,Czech Republic,FALSE
2025-06-06,Gibraltar,Croatia,0,7,FIFA World Cup qualification,Faro-Loulé,Portugal,TRUE
2025-06-06,Antigua and Barbuda,Cuba,0,1,FIFA World Cup qualification,Piggotts,Antigua and Barbuda,FALSE
2025-06-06,Trinidad and Tobago,Saint Kitts and Nevis,6,2,FIFA World Cup qualification,Port of Spain,Trinidad and Tobago,FALSE
2025-06-06,Curaçao,Saint Lucia,4,0,FIFA World Cup qualification,Willemstad,Curaçao,FALSE
2025-06-06,Nicaragua,Guyana,1,0,FIFA World Cup qualification,Managua,Nicaragua,FALSE
2025-06-06,Guatemala,Dominican Republic,4,2,FIFA World Cup qualification,Guatemala City,Guatemala,FALSE
2025-06-06,Suriname,Puerto Rico,1,0,FIFA World Cup qualification,Paramaribo,Suriname,FALSE
2025-06-07,Denmark,Northern Ireland,2,1,Friendly,Copenhagen,Denmark,FALSE
2025-06-07,Greece,Slovakia,4,1,Friendly,Heraklion,Greece,FALSE
2025-06-07,Latvia,Azerbaijan,0,0,Friendly,Riga,Latvia,FALSE
2025-06-07,Mexico,Switzerland,2,4,Friendly,Salt Lake City,United States,TRUE
2025-06-07,United States,Turkey,1,2,Friendly,East Hartford,United States,FALSE
2025-06-07,Malta,Lithuania,0,0,FIFA World Cup qualification,Ta' Qali,Malta,FALSE
2025-06-07,Finland,Netherlands,0,2,FIFA World Cup qualification,Helsinki,Finland,FALSE
2025-06-07,Bosnia and Herzegovina,San Marino,1,0,FIFA World Cup qualification,Zenica,Bosnia and Herzegovina,FALSE
2025-06-07,Austria,Romania,2,1,FIFA World Cup qualification,Vienna,Austria,FALSE
2025-06-07,Andorra,England,0,1,FIFA World Cup qualification,Barcelona,Spain,TRUE
2025-06-07,Albania,Serbia,0,0,FIFA World Cup qualification,Tirana,Albania,FALSE
2025-06-07,Canada,Ukraine,4,2,Canadian Shield,Toronto,Canada,FALSE
2025-06-07,Ivory Coast,New Zealand,0,1,Canadian Shield,Toronto,Canada,TRUE
2025-06-07,Kenya,Chad,0,0,Friendly,Marrakesh,Morocco,TRUE
2025-06-07,Cayman Islands,Honduras,0,1,FIFA World Cup qualification,George Town,Cayman Islands,FALSE
2025-06-07,Bahamas,Costa Rica,0,8,FIFA World Cup qualification,Wildey,Barbados,TRUE
2025-06-07,Aruba,Haiti,0,5,FIFA World Cup qualification,Oranjestad,Aruba,FALSE
2025-06-07,Belize,Panama,0,2,FIFA World Cup qualification,Belmopan,Belize,FALSE
2025-06-07,British Virgin Islands,Jamaica,0,1,FIFA World Cup qualification,Road Town,British Virgin Islands,FALSE
2025-06-07,Anguilla,El Salvador,0,3,FIFA World Cup qualification,The Valley,Anguilla,FALSE
2025-06-08,Germany,France,0,2,UEFA Nations League,Stuttgart,Germany,FALSE
2025-06-08,Portugal,Spain,2,2,UEFA Nations League,Munich,Germany,TRUE
2025-06-08,DR Congo,Madagascar,3,1,Friendly,Orléans,France,TRUE
2025-06-08,Georgia,Cape Verde,1,1,Friendly,Kutaisi,Georgia,FALSE
2025-06-09,Algeria,Rwanda,2,0,Friendly,Blida,Algeria,FALSE
2025-06-09,Equatorial Guinea,Cameroon,1,1,Friendly,Marrakesh,Morocco,TRUE
2025-06-09,Gabon,Guinea-Bissau,2,0,Friendly,Mohammedia,Morocco,TRUE
2025-06-09,Kosovo,Comoros,4,2,Friendly,Pristina,Kosovo,FALSE
2025-06-09,Liechtenstein,Scotland,0,4,Friendly,Vaduz,Liechtenstein,FALSE
2025-06-09,Montenegro,Armenia,2,2,Friendly,Nikšić,Montenegro,FALSE
2025-06-09,Morocco,Benin,1,0,Friendly,Fez,Morocco,FALSE
2025-06-09,Uganda,Gambia,1,1,Friendly,Marrakesh,Morocco,TRUE
2025-06-09,Italy,Moldova,2,0,FIFA World Cup qualification,Reggio Emilia,Italy,FALSE
2025-06-09,Estonia,Norway,0,1,FIFA World Cup qualification,Tallinn,Estonia,FALSE
2025-06-09,Kazakhstan,North Macedonia,0,1,FIFA World Cup qualification,Astana,Kazakhstan,FALSE
2025-06-09,Belgium,Wales,4,3,FIFA World Cup qualification,Brussels,Belgium,FALSE
2025-06-09,Faroe Islands,Gibraltar,2,1,FIFA World Cup qualification,Tórshavn,Faroe Islands,FALSE
2025-06-09,Croatia,Czech Republic,5,1,FIFA World Cup qualification,Osijek,Croatia,FALSE
2025-06-10,Timor-Leste,Maldives,1,0,AFC Asian Cup qualification,Darwin,Australia,TRUE
2025-06-10,Philippines,Tajikistan,2,2,AFC Asian Cup qualification,Capas,Philippines,FALSE
2025-06-10,Brunei,Bhutan,2,1,AFC Asian Cup qualification,Bandar Seri Begawan,Brunei,FALSE
2025-06-10,Yemen,Lebanon,0,0,AFC Asian Cup qualification,Kuwait City,Kuwait,TRUE
2025-06-10,Bangladesh,Singapore,1,2,AFC Asian Cup qualification,Dhaka,Bangladesh,FALSE
2025-06-10,Hong Kong,India,1,0,AFC Asian Cup qualification,Kowloon,Hong Kong,FALSE
2025-06-10,Sri Lanka,Taiwan,3,1,AFC Asian Cup qualification,Colombo,Sri Lanka,FALSE
2025-06-10,Turkmenistan,Thailand,3,1,AFC Asian Cup qualification,Ashgabat,Turkmenistan,FALSE
2025-06-10,Myanmar,Pakistan,1,0,AFC Asian Cup qualification,Yangon,Myanmar,FALSE
2025-06-10,Afghanistan,Syria,0,1,AFC Asian Cup qualification,Al Hofuf,Saudi Arabia,TRUE
2025-06-10,Laos,Nepal,2,1,AFC Asian Cup qualification,Vientiane,Laos,FALSE
2025-06-10,Malaysia,Vietnam,4,0,AFC Asian Cup qualification,Kuala Lumpur,Malaysia,FALSE
2025-06-10,Azerbaijan,Hungary,1,2,Friendly,Baku,Azerbaijan,FALSE
2025-06-10,Burundi,Mauritania,0,0,Friendly,Mohammedia,Morocco,TRUE
2025-06-10,Chad,Kenya,1,2,Friendly,Marrakesh,Morocco,TRUE
2025-06-10,Denmark,Lithuania,5,0,Friendly,Odense,Denmark,FALSE
2025-06-10,England,Senegal,1,3,Friendly,London,England,FALSE
2025-06-10,Greece,Bulgaria,4,0,Friendly,Heraklion,Greece,FALSE
2025-06-10,Israel,Slovakia,1,0,Friendly,Debrecen,Hungary,TRUE
2025-06-10,Luxembourg,Republic of Ireland,0,0,Friendly,Luxembourg,Luxembourg,FALSE
2025-06-10,Mexico,Turkey,1,0,Friendly,Chapel Hill,United States,TRUE
2025-06-10,Niger,Zimbabwe,1,1,Friendly,Casablanca,Morocco,TRUE
2025-06-10,Northern Ireland,Iceland,1,0,Friendly,Belfast,Northern Ireland,FALSE
2025-06-10,Slovenia,Bosnia and Herzegovina,2,1,Friendly,Celje,Slovenia,FALSE
2025-06-10,South Africa,Mozambique,2,0,Friendly,Polokwane,South Africa,FALSE
2025-06-10,Sweden,Algeria,4,3,Friendly,Solna,Sweden,FALSE
2025-06-10,United States,Switzerland,0,4,Friendly,Nashville,United States,FALSE
2025-06-10,Bolivia,Chile,2,0,FIFA World Cup qualification,El Alto,Bolivia,FALSE
2025-06-10,Uruguay,Venezuela,2,0,FIFA World Cup qualification,Montevideo,Uruguay,FALSE
2025-06-10,Peru,Ecuador,0,0,FIFA World Cup qualification,Lima,Peru,FALSE
2025-06-10,Argentina,Colombia,1,1,FIFA World Cup qualification,Buenos Aires,Argentina,FALSE
2025-06-10,Brazil,Paraguay,1,0,FIFA World Cup qualification,São Paulo,Brazil,FALSE
2025-06-10,Uzbekistan,Qatar,3,0,FIFA World Cup qualification,Tashkent,Uzbekistan,FALSE
2025-06-10,Iran,North Korea,3,0,FIFA World Cup qualification,Tehran,Iran,FALSE
2025-06-10,Kyrgyzstan,United Arab Emirates,1,1,FIFA World Cup qualification,Bishkek,Kyrgyzstan,FALSE
2025-06-10,South Korea,Kuwait,4,0,FIFA World Cup qualification,Seoul,South Korea,FALSE
2025-06-10,Jordan,Iraq,0,1,FIFA World Cup qualification,Amman,Jordan,FALSE
2025-06-10,Palestine,Oman,1,1,FIFA World Cup qualification,Amman,Jordan,TRUE
2025-06-10,China,Bahrain,1,0,FIFA World Cup qualification,Chongqing,China,FALSE
2025-06-10,Japan,Indonesia,6,0,FIFA World Cup qualification,Suita,Japan,FALSE
2025-06-10,Saudi Arabia,Australia,1,2,FIFA World Cup qualification,Jeddah,Saudi Arabia,FALSE
2025-06-10,Netherlands,Malta,8,0,FIFA World Cup qualification,Groningen,Netherlands,FALSE
2025-06-10,Finland,Poland,2,1,FIFA World Cup qualification,Helsinki,Finland,FALSE
2025-06-10,San Marino,Austria,0,4,FIFA World Cup qualification,Serravalle,San Marino,FALSE
2025-06-10,Romania,Cyprus,2,0,FIFA World Cup qualification,Bucharest,Romania,FALSE
2025-06-10,Serbia,Andorra,3,0,FIFA World Cup qualification,Leskovac,Serbia,FALSE
2025-06-10,Latvia,Albania,1,1,FIFA World Cup qualification,Riga,Latvia,FALSE
2025-06-10,New Zealand,Ukraine,1,2,Canadian Shield,Toronto,Canada,TRUE
2025-06-10,Canada,Ivory Coast,0,0,Canadian Shield,Toronto,Canada,FALSE
2025-06-10,Belarus,Russia,1,4,Friendly,Minsk,Belarus,FALSE
2025-06-10,Cuba,Bermuda,1,2,FIFA World Cup qualification,Santiago de Cuba,Cuba,FALSE
2025-06-10,Honduras,Antigua and Barbuda,2,0,FIFA World Cup qualification,Tegucigalpa,Honduras,FALSE
2025-06-10,Saint Kitts and Nevis,Grenada,2,3,FIFA World Cup qualification,Basseterre,Saint Kitts and Nevis,FALSE
2025-06-10,Costa Rica,Trinidad and Tobago,2,1,FIFA World Cup qualification,San José,Costa Rica,FALSE
2025-06-10,Saint Lucia,Barbados,2,1,FIFA World Cup qualification,Gros Islet,Saint Lucia,FALSE
2025-06-10,Haiti,Curaçao,1,5,FIFA World Cup qualification,Oranjestad,Aruba,TRUE
2025-06-10,Guyana,Montserrat,3,0,FIFA World Cup qualification,Leonora,Guyana,FALSE
2025-06-10,Panama,Nicaragua,3,0,FIFA World Cup qualification,Panama City,Panama,FALSE
2025-06-10,Dominican Republic,Dominica,5,0,FIFA World Cup qualification,Santo Domingo,Dominican Republic,FALSE
2025-06-10,Jamaica,Guatemala,3,0,FIFA World Cup qualification,Kingston,Jamaica,FALSE
2025-06-10,Puerto Rico,Saint Vincent and the Grenadines,2,1,FIFA World Cup qualification,Mayagüez,Puerto Rico,FALSE
2025-06-10,El Salvador,Suriname,1,1,FIFA World Cup qualification,San Salvador,El Salvador,FALSE
2025-06-14,Mexico,Dominican Republic,3,2,Gold Cup,Inglewood,United States,TRUE
2025-06-15,Costa Rica,Suriname,4,3,Gold Cup,San Diego,United States,TRUE
2025-06-15,United States,Trinidad and Tobago,5,0,Gold Cup,San Jose,United States,FALSE
2025-06-15,Haiti,Saudi Arabia,0,1,Gold Cup,San Diego,United States,TRUE
2025-06-16,Panama,Guadeloupe,5,2,Gold Cup,Carson,United States,TRUE
2025-06-16,Jamaica,Guatemala,0,1,Gold Cup,Carson,United States,TRUE
2025-06-17,Curaçao,El Salvador,0,0,Gold Cup,San Jose,United States,TRUE
2025-06-17,Canada,Honduras,6,0,Gold Cup,Vancouver,Canada,FALSE
2025-06-18,Costa Rica,Dominican Republic,2,1,Gold Cup,Arlington,United States,TRUE
2025-06-18,Suriname,Mexico,0,2,Gold Cup,Arlington,United States,TRUE
2025-06-19,Trinidad and Tobago,Haiti,1,1,Gold Cup,Houston,United States,TRUE
2025-06-19,United States,Saudi Arabia,1,0,Gold Cup,Austin,United States,FALSE
2025-06-20,Jamaica,Guadeloupe,2,1,Gold Cup,San Jose,United States,TRUE
2025-06-20,Guatemala,Panama,0,1,Gold Cup,Austin,United States,TRUE
2025-06-21,Curaçao,Canada,1,1,Gold Cup,Houston,United States,TRUE
2025-06-21,Honduras,El Salvador,2,0,Gold Cup,Houston,United States,TRUE
2025-06-22,Mexico,Costa Rica,0,0,Gold Cup,Paradise,United States,TRUE
2025-06-22,Dominican Republic,Suriname,0,0,Gold Cup,Arlington,United States,TRUE
2025-06-22,Saudi Arabia,Trinidad and Tobago,1,1,Gold Cup,Paradise,United States,TRUE
2025-06-22,United States,Haiti,2,1,Gold Cup,Arlington,United States,FALSE
2025-06-24,Honduras,Curaçao,2,1,Gold Cup,San Jose,United States,TRUE
2025-06-24,Canada,El Salvador,2,0,Gold Cup,Houston,United States,TRUE
2025-06-24,Panama,Jamaica,4,1,Gold Cup,Austin,United States,TRUE
2025-06-24,Guadeloupe,Guatemala,2,3,Gold Cup,Houston,United States,TRUE
2025-06-28,Panama,Honduras,1,1,Gold Cup,Glendale,United States,TRUE
2025-06-28,Mexico,Saudi Arabia,2,0,Gold Cup,Glendale,United States,TRUE
2025-06-29,Canada,Guatemala,1,1,Gold Cup,Minneapolis,United States,TRUE
2025-06-29,United States,Costa Rica,2,2,Gold Cup,Minneapolis,United States,FALSE
2025-07-01,Tamil Eelam,Tibet,4,0,CONIFA Asia Cup,London,England,TRUE
2025-07-02,United States,Guatemala,2,1,Gold Cup,St. Louis,United States,FALSE
2025-07-02,Mexico,Honduras,1,0,Gold Cup,Santa Clara,United States,TRUE
2025-07-02,Tamil Eelam,East Turkestan,2,1,CONIFA Asia Cup,London,England,TRUE
2025-07-03,Tibet,East Turkestan,4,6,CONIFA Asia Cup,London,England,TRUE
2025-07-04,Tamil Eelam,East Turkestan,5,0,CONIFA Asia Cup,London,England,TRUE
2025-07-06,United States,Mexico,1,2,Gold Cup,Houston,United States,FALSE
2025-07-13,Hitra,Isle of Man,2,7,Island Games,Finstown,Scotland,TRUE
2025-07-13,Orkney,Frøya,3,0,Island Games,Kirkwall,Scotland,FALSE
2025-07-13,Gozo,Shetland,0,0,Island Games,Kirkwall,Scotland,TRUE
2025-07-14,Orkney,Hitra,3,2,Island Games,Kirkwall,Scotland,FALSE
2025-07-14,Isle of Man,Frøya,10,1,Island Games,Dounby,Scotland,TRUE
2025-07-14,Jersey,Gozo,2,0,Island Games,Holm,Scotland,TRUE
2025-07-14,Ynys Môn,Western Isles,1,0,Island Games,Rendall,Scotland,TRUE
2025-07-15,Orkney,Isle of Man,1,3,Island Games,Kirkwall,Scotland,FALSE
2025-07-15,Frøya,Hitra,0,6,Island Games,Finstown,Scotland,TRUE
2025-07-15,Jersey,Shetland,2,2,Island Games,Kirkwall,Scotland,TRUE
2025-07-17,Hitra,Frøya,3,0,Island Games,Holm,Scotland,TRUE
2025-07-17,Gozo,Western Isles,3,3,Island Games,Dounby,Scotland,TRUE
2025-07-17,Orkney,Shetland,3,2,Island Games,Stromness,Scotland,FALSE
2025-07-17,Isle of Man,Ynys Môn,0,1,Island Games,Kirkwall,Scotland,TRUE
2025-07-18,Isle of Man,Jersey,3,2,Island Games,Kirkwall,Scotland,TRUE
2025-08-13,United States Virgin Islands,Turks and Caicos Islands,1,1,Outrigger Challenge Cup,Springdale,United States,TRUE
2025-08-14,Marshall Islands,United States Virgin Islands,0,4,Outrigger Challenge Cup,Springdale,United States,TRUE
2025-08-16,Turks and Caicos Islands,Marshall Islands,3,2,Outrigger Challenge Cup,Springdale,United States,TRUE
2025-08-24,Qatar,Lebanon,2,2,Friendly,Doha,Qatar,FALSE
2025-09-03,Qatar,Bahrain,2,2,Friendly,Doha,Qatar,FALSE
2025-09-03,Seychelles,Gabon,0,4,FIFA World Cup qualification,Saint Pierre,Mauritius,TRUE
2025-09-04,Gibraltar,Albania,0,1,Friendly,Gibraltar,Gibraltar,FALSE
2025-09-04,Malaysia,Singapore,2,1,Friendly,Kuala Lumpur,Malaysia,FALSE
2025-09-04,Norway,Finland,1,0,Friendly,Oslo,Norway,FALSE
2025-09-04,Russia,Jordan,0,0,Friendly,Moscow,Russia,FALSE
2025-09-04,Saudi Arabia,North Macedonia,2,1,Friendly,Prague,Czech Republic,TRUE
2025-09-04,United Arab Emirates,Syria,3,1,Friendly,Dubai,United Arab Emirates,FALSE
2025-09-04,Colombia,Bolivia,3,0,FIFA World Cup qualification,Barranquilla,Colombia,FALSE
2025-09-04,Argentina,Venezuela,3,0,FIFA World Cup qualification,Buenos Aires,Argentina,FALSE
2025-09-04,Paraguay,Ecuador,0,0,FIFA World Cup qualification,Asunción,Paraguay,FALSE
2025-09-04,Uruguay,Peru,3,0,FIFA World Cup qualification,Montevideo,Uruguay,FALSE
2025-09-04,Brazil,Chile,3,0,FIFA World Cup qualification,Rio de Janeiro,Brazil,FALSE
2025-09-04,Guinea-Bissau,Sierra Leone,1,1,FIFA World Cup qualification,Bissau,Guinea-Bissau,FALSE
2025-09-04,Angola,Libya,0,1,FIFA World Cup qualification,Luanda,Angola,FALSE
2025-09-04,Cameroon,Eswatini,3,0,FIFA World Cup qualification,Yaoundé,Cameroon,FALSE
2025-09-04,Mauritius,Cape Verde,0,2,FIFA World Cup qualification,Saint Pierre,Mauritius,FALSE
2025-09-04,Algeria,Botswana,3,1,FIFA World Cup qualification,Tizi Ouzou,Algeria,FALSE
2025-09-04,São Tomé and Príncipe,Equatorial Guinea,2,3,FIFA World Cup qualification,Oujda,Morocco,TRUE
2025-09-04,Tunisia,Liberia,3,0,FIFA World Cup qualification,Radès,Tunisia,FALSE
2025-09-04,Chad,Ghana,1,1,FIFA World Cup qualification,N'Djamena,Chad,FALSE
2025-09-04,Madagascar,Central African Republic,2,0,FIFA World Cup qualification,Casablanca,Morocco,TRUE
2025-09-04,Mali,Comoros,3,0,FIFA World Cup qualification,Berkane,Morocco,TRUE
2025-09-04,Luxembourg,Northern Ireland,1,3,FIFA World Cup qualification,Luxembourg,Luxembourg,FALSE
2025-09-04,Slovakia,Germany,2,0,FIFA World Cup qualification,Bratislava,Slovakia,FALSE
2025-09-04,Georgia,Turkey,2,3,FIFA World Cup qualification,Tbilisi,Georgia,FALSE
2025-09-04,Bulgaria,Spain,0,3,FIFA World Cup qualification,Sofia,Bulgaria,FALSE
2025-09-04,Lithuania,Malta,1,1,FIFA World Cup qualification,Kaunas,Lithuania,FALSE
2025-09-04,Netherlands,Poland,1,1,FIFA World Cup qualification,Rotterdam,Netherlands,FALSE
2025-09-04,Kazakhstan,Wales,0,1,FIFA World Cup qualification,Astana,Kazakhstan,FALSE
2025-09-04,Liechtenstein,Belgium,0,6,FIFA World Cup qualification,Vaduz,Liechtenstein,FALSE
2025-09-04,Iraq,Hong Kong,2,1,King's Cup,Kanchanaburi,Thailand,TRUE
2025-09-04,Thailand,Fiji,3,0,King's Cup,Kanchanaburi,Thailand,FALSE
2025-09-04,Suriname,Panama,0,0,FIFA World Cup qualification,Paramaribo,Suriname,FALSE
2025-09-04,Guatemala,El Salvador,0,1,FIFA World Cup qualification,Guatemala City,Guatemala,FALSE
2025-09-05,Australia,New Zealand,1,0,Soccer Ashes,Canberra,Australia,FALSE
2025-09-05,Indonesia,Taiwan,6,0,Friendly,Surabaya,Indonesia,FALSE
2025-09-05,Romania,Canada,0,3,Friendly,Bucharest,Romania,FALSE
2025-09-05,Djibouti,Burkina Faso,0,6,FIFA World Cup qualification,Bissau,Guinea-Bissau,TRUE
2025-09-05,Egypt,Ethiopia,2,0,FIFA World Cup qualification,Cairo,Egypt,FALSE
2025-09-05,South Sudan,DR Congo,1,4,FIFA World Cup qualification,Juba,South Sudan,FALSE
2025-09-05,Mauritania,Togo,2,0,FIFA World Cup qualification,Nouadhibou,Mauritania,FALSE
2025-09-05,Senegal,Sudan,2,0,FIFA World Cup qualification,Diamniadio,Senegal,FALSE
2025-09-05,Benin,Zimbabwe,1,0,FIFA World Cup qualification,Ebimpé,Ivory Coast,TRUE
2025-09-05,South Africa,Lesotho,3,0,FIFA World Cup qualification,Bloemfontein,South Africa,FALSE
2025-09-05,Congo,Tanzania,1,1,FIFA World Cup qualification,Brazzaville,Congo,FALSE
2025-09-05,Morocco,Niger,5,0,FIFA World Cup qualification,Rabat,Morocco,FALSE
2025-09-05,Kenya,Gambia,1,3,FIFA World Cup qualification,Nairobi,Kenya,FALSE
2025-09-05,Ivory Coast,Burundi,1,0,FIFA World Cup qualification,Abidjan,Ivory Coast,FALSE
2025-09-05,Somalia,Guinea,0,3,FIFA World Cup qualification,Kampala,Uganda,TRUE
2025-09-05,Uganda,Mozambique,4,0,FIFA World Cup qualification,Kampala,Uganda,FALSE
2025-09-05,Namibia,Malawi,1,2,FIFA World Cup qualification,Francistown,Botswana,TRUE
2025-09-05,Slovenia,Sweden,2,2,FIFA World Cup qualification,Ljubljana,Slovenia,FALSE
2025-09-05,Switzerland,Kosovo,4,0,FIFA World Cup qualification,Basel,Switzerland,FALSE
2025-09-05,Denmark,Scotland,0,0,FIFA World Cup qualification,Copenhagen,Denmark,FALSE
2025-09-05,Greece,Belarus,5,1,FIFA World Cup qualification,Athens,Greece,FALSE
2025-09-05,Iceland,Azerbaijan,5,0,FIFA World Cup qualification,Reykjavík,Iceland,FALSE
2025-09-05,Ukraine,France,0,2,FIFA World Cup qualification,Wrocław,Poland,TRUE
2025-09-05,Italy,Estonia,5,0,FIFA World Cup qualification,Bergamo,Italy,FALSE
2025-09-05,Moldova,Israel,0,4,FIFA World Cup qualification,Chișinău,Moldova,FALSE
2025-09-05,Faroe Islands,Croatia,0,1,FIFA World Cup qualification,Tórshavn,Faroe Islands,FALSE
2025-09-05,Montenegro,Czech Republic,0,2,FIFA World Cup qualification,Podgorica,Montenegro,FALSE
2025-09-05,Bermuda,Jamaica,0,4,FIFA World Cup qualification,Devonshire Parish,Bermuda,FALSE
2025-09-05,Trinidad and Tobago,Curaçao,0,0,FIFA World Cup qualification,Port of Spain,Trinidad and Tobago,FALSE
2025-09-05,Haiti,Honduras,0,0,FIFA World Cup qualification,Willemstad,Curaçao,TRUE
2025-09-05,Nicaragua,Costa Rica,1,1,FIFA World Cup qualification,Managua,Nicaragua,FALSE
2025-09-06,Sri Lanka,Maldives,0,3,South Asian Super Cup,Colombo,Sri Lanka,FALSE
2025-09-06,Mexico,Japan,0,0,Friendly,Oakland,United States,TRUE
2025-09-06,Nepal,Bangladesh,0,0,Friendly,Kathmandu,Nepal,FALSE
2025-09-06,United States,South Korea,0,2,Friendly,Harrison,United States,FALSE
2025-09-06,Nigeria,Rwanda,1,0,FIFA World Cup qualification,Uyo,Nigeria,FALSE
2025-09-06,Republic of Ireland,Hungary,2,2,FIFA World Cup qualification,Dublin,Republic of Ireland,FALSE
2025-09-06,Armenia,Portugal,0,5,FIFA World Cup qualification,Yerevan,Armenia,FALSE
2025-09-06,Austria,Cyprus,1,0,FIFA World Cup qualification,Linz,Austria,FALSE
2025-09-06,San Marino,Bosnia and Herzegovina,0,6,FIFA World Cup qualification,Serravalle,San Marino,FALSE
2025-09-06,Latvia,Serbia,0,1,FIFA World Cup qualification,Riga,Latvia,FALSE
2025-09-06,England,Andorra,2,0,FIFA World Cup qualification,London,England,FALSE
2025-09-07,Central African Republic,Comoros,0,2,FIFA World Cup qualification,Meknes,Morocco,TRUE
2025-09-07,Germany,Northern Ireland,3,1,FIFA World Cup qualification,Cologne,Germany,FALSE
2025-09-07,Luxembourg,Slovakia,0,1,FIFA World Cup qualification,Luxembourg,Luxembourg,FALSE
2025-09-07,Georgia,Bulgaria,3,0,FIFA World Cup qualification,Tbilisi,Georgia,FALSE
2025-09-07,Turkey,Spain,0,6,FIFA World Cup qualification,Konya,Turkey,FALSE
2025-09-07,Lithuania,Netherlands,2,3,FIFA World Cup qualification,Kaunas,Lithuania,FALSE
2025-09-07,Poland,Finland,3,1,FIFA World Cup qualification,Chorzów,Poland,FALSE
2025-09-07,North Macedonia,Liechtenstein,5,0,FIFA World Cup qualification,Skopje,North Macedonia,FALSE
2025-09-07,Belgium,Kazakhstan,6,0,FIFA World Cup qualification,Anderlecht,Belgium,FALSE
2025-09-07,Qatar,Russia,1,4,Friendly,Doha,Qatar,FALSE
2025-09-07,Fiji,Hong Kong,0,8,King's Cup,Kanchanaburi,Thailand,TRUE
2025-09-07,Thailand,Iraq,0,1,King's Cup,Kanchanaburi,Thailand,FALSE
2025-09-08,Czech Republic,Saudi Arabia,1,1,Friendly,Hradec Králové,Czech Republic,FALSE
2025-09-08,Indonesia,Lebanon,0,0,Friendly,Surabaya,Indonesia,FALSE
2025-09-08,Malaysia,Palestine,1,0,Friendly,Johor,Malaysia,FALSE
2025-09-08,Syria,Kuwait,2,2,Friendly,Doha,Qatar,TRUE
2025-09-08,United Arab Emirates,Bahrain,1,0,Friendly,Dubai,United Arab Emirates,FALSE
2025-09-08,Guinea-Bissau,Djibouti,2,0,FIFA World Cup qualification,Bissau,Guinea-Bissau,FALSE
2025-09-08,Libya,Eswatini,2,0,FIFA World Cup qualification,Benghazi,Libya,FALSE
2025-09-08,Zambia,Morocco,0,2,FIFA World Cup qualification,Ndola,Zambia,FALSE
2025-09-08,Mozambique,Botswana,2,0,FIFA World Cup qualification,Maputo,Mozambique,FALSE
2025-09-08,Guinea,Algeria,0,0,FIFA World Cup qualification,Casablanca,Morocco,TRUE
2025-09-08,Uganda,Somalia,2,0,FIFA World Cup qualification,Kampala,Uganda,FALSE
2025-09-08,Equatorial Guinea,Tunisia,0,1,FIFA World Cup qualification,Malabo,Equatorial Guinea,FALSE
2025-09-08,Malawi,Liberia,2,2,FIFA World Cup qualification,Lilongwe,Malawi,FALSE
2025-09-08,Madagascar,Chad,3,1,FIFA World Cup qualification,Casablanca,Morocco,TRUE
2025-09-08,Ghana,Mali,1,0,FIFA World Cup qualification,Accra,Ghana,FALSE
2025-09-08,Kosovo,Sweden,2,0,FIFA World Cup qualification,Pristina,Kosovo,FALSE
2025-09-08,Switzerland,Slovenia,3,0,FIFA World Cup qualification,Basel,Switzerland,FALSE
2025-09-08,Belarus,Scotland,0,2,FIFA World Cup qualification,Zalaegerszeg,Hungary,TRUE
2025-09-08,Greece,Denmark,0,3,FIFA World Cup qualification,Athens,Greece,FALSE
2025-09-08,Israel,Italy,4,5,FIFA World Cup qualification,Debrecen,Hungary,TRUE
2025-09-08,Croatia,Montenegro,4,0,FIFA World Cup qualification,Zagreb,Croatia,FALSE
2025-09-08,Gibraltar,Faroe Islands,0,1,FIFA World Cup qualification,Gibraltar,Gibraltar,FALSE
2025-09-08,El Salvador,Suriname,1,2,FIFA World Cup qualification,San Salvador,El Salvador,FALSE
2025-09-08,Panama,Guatemala,1,1,FIFA World Cup qualification,Panama City,Panama,FALSE
2025-09-09,Estonia,Andorra,0,0,Friendly,Tallinn,Estonia,FALSE
2025-09-09,Jordan,Dominican Republic,3,0,Friendly,Amman,Jordan,FALSE
2025-09-09,Malta,San Marino,3,1,Friendly,Ta' Qali,Malta,FALSE
2025-09-09,Mexico,South Korea,2,2,Friendly,Nashville,United States,TRUE
2025-09-09,New Zealand,Australia,1,3,Soccer Ashes,Auckland,New Zealand,FALSE
2025-09-09,Singapore,Myanmar,1,1,Friendly,Singapore,Singapore,FALSE
2025-09-09,Sri Lanka,Maldives,1,1,Friendly,Colombo,Sri Lanka,FALSE
2025-09-09,United States,Japan,2,0,Friendly,Columbus,United States,FALSE
2025-09-09,Wales,Canada,0,1,Friendly,Cardiff,Wales,FALSE
2025-09-09,Ecuador,Argentina,1,0,FIFA World Cup qualification,Guayaquil,Ecuador,FALSE
2025-09-09,Peru,Paraguay,0,1,FIFA World Cup qualification,Lima,Peru,FALSE
2025-09-09,Bolivia,Brazil,1,0,FIFA World Cup qualification,El Alto,Bolivia,FALSE
2025-09-09,Venezuela,Colombia,3,6,FIFA World Cup qualification,Maturín,Venezuela,FALSE
2025-09-09,Chile,Uruguay,0,0,FIFA World Cup qualification,Santiago,Chile,FALSE
2025-09-09,Sierra Leone,Ethiopia,2,0,FIFA World Cup qualification,Monrovia,Liberia,TRUE
2025-09-09,Burkina Faso,Egypt,0,0,FIFA World Cup qualification,Ouagadougou,Burkina Faso,FALSE
2025-09-09,Togo,Sudan,1,0,FIFA World Cup qualification,Lomé,Togo,FALSE
2025-09-09,DR Congo,Senegal,2,3,FIFA World Cup qualification,Kinshasa,DR Congo,FALSE
2025-09-09,Mauritania,South Sudan,0,0,FIFA World Cup qualification,Nouadhibou,Mauritania,FALSE
2025-09-09,Zimbabwe,Rwanda,0,1,FIFA World Cup qualification,Johannesburg,South Africa,TRUE
2025-09-09,South Africa,Nigeria,1,1,FIFA World Cup qualification,Bloemfontein,South Africa,FALSE
2025-09-09,Benin,Lesotho,4,0,FIFA World Cup qualification,Abidjan,Ivory Coast,TRUE
2025-09-09,Cape Verde,Cameroon,1,0,FIFA World Cup qualification,Praia,Cape Verde,FALSE
2025-09-09,Angola,Mauritius,3,1,FIFA World Cup qualification,Luanda,Angola,FALSE
2025-09-09,Tanzania,Niger,0,1,FIFA World Cup qualification,Unguja,Tanzania,FALSE
2025-09-09,Kenya,Seychelles,5,0,FIFA World Cup qualification,Nairobi,Kenya,FALSE
2025-09-09,Gabon,Ivory Coast,0,0,FIFA World Cup qualification,Franceville,Gabon,FALSE
2025-09-09,Gambia,Burundi,2,0,FIFA World Cup qualification,Nairobi,Kenya,TRUE
2025-09-09,Namibia,São Tomé and Príncipe,3,0,FIFA World Cup qualification,Francistown,Botswana,TRUE
2025-09-09,Azerbaijan,Ukraine,1,1,FIFA World Cup qualification,Baku,Azerbaijan,FALSE
2025-09-09,France,Iceland,2,1,FIFA World Cup qualification,Paris,France,FALSE
2025-09-09,Armenia,Republic of Ireland,2,1,FIFA World Cup qualification,Yerevan,Armenia,FALSE
2025-09-09,Hungary,Portugal,2,3,FIFA World Cup qualification,Budapest,Hungary,FALSE
2025-09-09,Bosnia and Herzegovina,Austria,1,2,FIFA World Cup qualification,Zenica,Bosnia and Herzegovina,FALSE
2025-09-09,Cyprus,Romania,2,2,FIFA World Cup qualification,Nicosia,Cyprus,FALSE
2025-09-09,Norway,Moldova,11,1,FIFA World Cup qualification,Oslo,Norway,FALSE
2025-09-09,Albania,Latvia,1,0,FIFA World Cup qualification,Tirana,Albania,FALSE
2025-09-09,Serbia,England,0,5,FIFA World Cup qualification,Belgrade,Serbia,FALSE
2025-09-09,Jamaica,Trinidad and Tobago,2,0,FIFA World Cup qualification,Kingston,Jamaica,FALSE
2025-09-09,Curaçao,Bermuda,3,2,FIFA World Cup qualification,Willemstad,Curaçao,FALSE
2025-09-09,Costa Rica,Haiti,3,3,FIFA World Cup qualification,San José,Costa Rica,FALSE
2025-09-09,Honduras,Nicaragua,2,0,FIFA World Cup qualification,Tegucigalpa,Honduras,FALSE
2025-10-04,Saint Kitts and Nevis,Saint Martin,5,0,Friendly,Basseterre,Saint Kitts and Nevis,FALSE
2025-10-05,Saint Kitts and Nevis,Saint Martin,2,1,Friendly,Basseterre,Saint Kitts and Nevis,FALSE
2025-10-05,Saint Vincent and the Grenadines,Cuba,7,0,Friendly,Arnos Vale,Saint Vincent and the Grenadines,FALSE
2025-10-08,Qatar,Oman,0,0,FIFA World Cup qualification,Al Rayyan,Qatar,FALSE
2025-10-08,Saudi Arabia,Indonesia,3,2,FIFA World Cup qualification,Jeddah,Saudi Arabia,FALSE
2025-10-08,Ethiopia,Guinea-Bissau,1,0,FIFA World Cup qualification,Kigali,Rwanda,TRUE
2025-10-08,Sierra Leone,Burkina Faso,0,1,FIFA World Cup qualification,Monrovia,Liberia,TRUE
2025-10-08,Djibouti,Egypt,0,3,FIFA World Cup qualification,Casablanca,Morocco,TRUE
2025-10-08,Libya,Cape Verde,3,3,FIFA World Cup qualification,Tripoli,Libya,FALSE
2025-10-08,Eswatini,Angola,2,2,FIFA World Cup qualification,Lobamba,Eswatini,FALSE
2025-10-08,Mauritius,Cameroon,0,2,FIFA World Cup qualification,Saint Pierre,Mauritius,FALSE
2025-10-08,Niger,Congo,3,1,FIFA World Cup qualification,Ouagadougou,Burkina Faso,TRUE
2025-10-08,Tanzania,Zambia,0,1,FIFA World Cup qualification,Unguja,Tanzania,FALSE
2025-10-08,Comoros,Madagascar,1,2,FIFA World Cup qualification,Abidjan,Ivory Coast,TRUE
2025-10-08,Central African Republic,Ghana,0,5,FIFA World Cup qualification,El Jadida,Morocco,TRUE
2025-10-08,Chad,Mali,0,2,FIFA World Cup qualification,N'Djamena,Chad,FALSE
2025-10-08,Gibraltar,New Caledonia,0,2,Friendly,Gibraltar,Gibraltar,FALSE
2025-10-08,Saint Vincent and the Grenadines,Cuba,1,0,Friendly,Arnos Vale,Saint Vincent and the Grenadines,FALSE
2025-10-09,England,Wales,3,0,Friendly,London,England,FALSE
2025-10-09,Poland,New Zealand,1,0,Friendly,Chorzów,Poland,FALSE
2025-10-09,Romania,Moldova,2,1,Friendly,Bucharest,Romania,FALSE
2025-10-09,Morocco,Bahrain,1,0,Friendly,Rabat,Morocco,FALSE
2025-10-09,Grenada,British Virgin Islands,4,1,Friendly,St. George's,Grenada,FALSE
2025-10-09,Burundi,Kenya,0,1,FIFA World Cup qualification,Bujumbura,Burundi,FALSE
2025-10-09,Algeria,Somalia,3,0,FIFA World Cup qualification,Bir El Djir,Algeria,FALSE
2025-10-09,Botswana,Uganda,0,1,FIFA World Cup qualification,Francistown,Botswana,FALSE
2025-10-09,Mozambique,Guinea,1,2,FIFA World Cup qualification,Maputo,Mozambique,FALSE
2025-10-09,Malawi,Equatorial Guinea,3,0,FIFA World Cup qualification,Lilongwe,Malawi,FALSE
2025-10-09,Scotland,Greece,3,1,FIFA World Cup qualification,Glasgow,Scotland,FALSE
2025-10-09,Belarus,Denmark,0,6,FIFA World Cup qualification,Zalaegerszeg,Hungary,TRUE
2025-10-09,Malta,Netherlands,0,4,FIFA World Cup qualification,Ta' Qali,Malta,FALSE
2025-10-09,Finland,Lithuania,2,1,FIFA World Cup qualification,Helsinki,Finland,FALSE
2025-10-09,Austria,San Marino,10,0,FIFA World Cup qualification,Vienna,Austria,FALSE
2025-10-09,Cyprus,Bosnia and Herzegovina,2,2,FIFA World Cup qualification,Larnaca,Cyprus,FALSE
2025-10-09,Faroe Islands,Montenegro,4,0,FIFA World Cup qualification,Tórshavn,Faroe Islands,FALSE
2025-10-09,Czech Republic,Croatia,0,0,FIFA World Cup qualification,Prague,Czech Republic,FALSE
2025-10-09,Tajikistan,Maldives,2,0,AFC Asian Cup qualification,Hisor,Tajikistan,FALSE
2025-10-09,Timor-Leste,Philippines,1,4,AFC Asian Cup qualification,Darwin,Australia,TRUE
2025-10-09,Brunei,Yemen,0,2,AFC Asian Cup qualification,Bandar Seri Begawan,Brunei,FALSE
2025-10-09,Lebanon,Bhutan,2,0,AFC Asian Cup qualification,Doha,Qatar,TRUE
2025-10-09,Singapore,India,1,1,AFC Asian Cup qualification,Kallang,Singapore,FALSE
2025-10-09,Bangladesh,Hong Kong,3,4,AFC Asian Cup qualification,Dhaka,Bangladesh,FALSE
2025-10-09,Sri Lanka,Turkmenistan,1,0,AFC Asian Cup qualification,Colombo,Sri Lanka,FALSE
2025-10-09,Thailand,Taiwan,2,0,AFC Asian Cup qualification,Bangkok,Thailand,FALSE
2025-10-09,Pakistan,Afghanistan,0,0,AFC Asian Cup qualification,Islamabad,Pakistan,FALSE
2025-10-09,Syria,Myanmar,5,1,AFC Asian Cup qualification,Al Hofuf,Saudi Arabia,TRUE
2025-10-09,Laos,Malaysia,0,3,AFC Asian Cup qualification,Vientiane,Laos,FALSE
2025-10-09,Vietnam,Nepal,3,1,AFC Asian Cup qualification,Ho Chi Minh City,Vietnam,FALSE
2025-10-09,Liberia,Namibia,3,1,FIFA World Cup qualification,Monrovia,Liberia,FALSE
2025-10-09,Nicaragua,Haiti,0,3,FIFA World Cup qualification,Managua,Nicaragua,FALSE
2025-10-09,Honduras,Costa Rica,0,0,FIFA World Cup qualification,San Pedro Sula,Honduras,FALSE
2025-10-10,Argentina,Venezuela,1,0,Friendly,Miami Gardens,United States,TRUE
2025-10-10,Chile,Peru,2,1,Friendly,Santiago,Chile,FALSE
2025-10-10,Canada,Australia,0,1,Friendly,Montreal,Canada,FALSE
2025-10-10,Russia,Iran,2,1,Friendly,Volgograd,Russia,FALSE
2025-10-10,Japan,Paraguay,2,2,Kirin Cup,Osaka,Japan,FALSE
2025-10-10,Uzbekistan,Kuwait,2,0,Friendly,Tashkent,Uzbekistan,FALSE
2025-10-10,Jordan,Bolivia,0,1,Friendly,Istanbul,Turkey,TRUE
2025-10-10,South Korea,Brazil,0,5,Friendly,Seoul,South Korea,FALSE
2025-10-10,Uruguay,Dominican Republic,1,0,Friendly,Kuala Lumpur,Malaysia,TRUE
2025-10-10,United States,Ecuador,1,1,Friendly,Austin,United States,FALSE
2025-10-10,Togo,DR Congo,0,1,FIFA World Cup qualification,Lomé,Togo,FALSE
2025-10-10,South Sudan,Senegal,0,5,FIFA World Cup qualification,Juba,South Sudan,FALSE
2025-10-10,Sudan,Mauritania,0,0,FIFA World Cup qualification,Dar es Salaam,Tanzania,TRUE
2025-10-10,Lesotho,Nigeria,1,2,FIFA World Cup qualification,Polokwane,South Africa,TRUE
2025-10-10,Rwanda,Benin,0,1,FIFA World Cup qualification,Kigali,Rwanda,FALSE
2025-10-10,South Africa,Zimbabwe,0,0,FIFA World Cup qualification,Durban,South Africa,FALSE
2025-10-10,Gambia,Gabon,3,4,FIFA World Cup qualification,Nairobi,Kenya,TRUE
2025-10-10,Seychelles,Ivory Coast,0,7,FIFA World Cup qualification,Saint Pierre,Mauritius,TRUE
2025-10-10,Tunisia,São Tomé and Príncipe,6,0,FIFA World Cup qualification,Radès,Tunisia,FALSE
2025-10-10,Northern Ireland,Slovakia,2,0,FIFA World Cup qualification,Belfast,Northern Ireland,FALSE
2025-10-10,Germany,Luxembourg,4,0,FIFA World Cup qualification,Sinsheim,Germany,FALSE
2025-10-10,Kosovo,Slovenia,0,0,FIFA World Cup qualification,Pristina,Kosovo,FALSE
2025-10-10,Sweden,Switzerland,0,2,FIFA World Cup qualification,Solna,Sweden,FALSE
2025-10-10,Iceland,Ukraine,3,5,FIFA World Cup qualification,Reykjavík,Iceland,FALSE
2025-10-10,France,Azerbaijan,3,0,FIFA World Cup qualification,Paris,France,FALSE
2025-10-10,Kazakhstan,Liechtenstein,4,0,FIFA World Cup qualification,Astana,Kazakhstan,FALSE
2025-10-10,Belgium,North Macedonia,0,0,FIFA World Cup qualification,Ghent,Belgium,FALSE
2025-10-10,Suriname,Guatemala,1,1,FIFA World Cup qualification,Paramaribo,Suriname,FALSE
2025-10-10,El Salvador,Panama,0,1,FIFA World Cup qualification,San Salvador,El Salvador,FALSE
2025-10-10,Bermuda,Trinidad and Tobago,0,3,FIFA World Cup qualification,Devonshire Parish,Bermuda,FALSE
2025-10-10,Curaçao,Jamaica,2,0,FIFA World Cup qualification,Willemstad,Curaçao,FALSE
2025-10-11,Grenada,Cuba,2,0,Friendly,St. George's,Grenada,FALSE
2025-10-11,Mexico,Colombia,0,4,Friendly,Arlington,United States,TRUE
2025-10-11,United Arab Emirates,Oman,2,1,FIFA World Cup qualification,Al Rayyan,Qatar,TRUE
2025-10-11,Iraq,Indonesia,1,0,FIFA World Cup qualification,Jeddah,Saudi Arabia,TRUE
2025-10-11,Spain,Georgia,2,0,FIFA World Cup qualification,Elche,Spain,FALSE
2025-10-11,Bulgaria,Turkey,1,6,FIFA World Cup qualification,Sofia,Bulgaria,FALSE
2025-10-11,Hungary,Armenia,2,0,FIFA World Cup qualification,Budapest,Hungary,FALSE
2025-10-11,Portugal,Republic of Ireland,1,0,FIFA World Cup qualification,Lisbon,Portugal,FALSE
2025-10-11,Norway,Israel,5,0,FIFA World Cup qualification,Oslo,Norway,FALSE
2025-10-11,Estonia,Italy,1,3,FIFA World Cup qualification,Tallinn,Estonia,FALSE
2025-10-11,Latvia,Andorra,2,2,FIFA World Cup qualification,Riga,Latvia,FALSE
2025-10-11,Serbia,Albania,0,1,FIFA World Cup qualification,Leskovac,Serbia,FALSE
2025-10-12,Malta,Bosnia and Herzegovina,1,4,Friendly,Ta' Qali,Malta,FALSE
2025-10-12,Burkina Faso,Ethiopia,3,1,FIFA World Cup qualification,Ouagadougou,Burkina Faso,FALSE
2025-10-12,Djibouti,Sierra Leone,1,2,FIFA World Cup qualification,Casablanca,Morocco,TRUE
2025-10-12,Egypt,Guinea-Bissau,1,0,FIFA World Cup qualification,Cairo,Egypt,FALSE
2025-10-12,Zambia,Niger,0,1,FIFA World Cup qualification,Ndola,Zambia,FALSE
2025-10-12,Chad,Central African Republic,2,3,FIFA World Cup qualification,N'Djamena,Chad,FALSE
2025-10-12,Ghana,Comoros,1,0,FIFA World Cup qualification,Accra,Ghana,FALSE
2025-10-12,Mali,Madagascar,4,1,FIFA World Cup qualification,Bamako,Mali,FALSE
2025-10-12,Scotland,Belarus,2,1,FIFA World Cup qualification,Glasgow,Scotland,FALSE
2025-10-12,Denmark,Greece,3,1,FIFA World Cup qualification,Copenhagen,Denmark,FALSE
2025-10-12,Netherlands,Finland,4,0,FIFA World Cup qualification,Amsterdam,Netherlands,FALSE
2025-10-12,Lithuania,Poland,0,2,FIFA World Cup qualification,Kaunas,Lithuania,FALSE
2025-10-12,San Marino,Cyprus,0,4,FIFA World Cup qualification,Serravalle,San Marino,FALSE
2025-10-12,Romania,Austria,1,0,FIFA World Cup qualification,Bucharest,Romania,FALSE
2025-10-12,Faroe Islands,Czech Republic,2,1,FIFA World Cup qualification,Tórshavn,Faroe Islands,FALSE
2025-10-12,Croatia,Gibraltar,3,0,FIFA World Cup qualification,Varaždin,Croatia,FALSE
2025-10-13,Montenegro,Liechtenstein,2,1,Friendly,Podgorica,Montenegro,FALSE
2025-10-13,Uzbekistan,Uruguay,1,2,Friendly,Malacca City,Malaysia,TRUE
2025-10-13,South Sudan,Togo,0,0,FIFA World Cup qualification,Juba,South Sudan,FALSE
2025-10-13,Lesotho,Zimbabwe,1,0,FIFA World Cup qualification,Polokwane,South Africa,TRUE
2025-10-13,Cape Verde,Eswatini,3,0,FIFA World Cup qualification,Praia,Cape Verde,FALSE
2025-10-13,Cameroon,Angola,0,0,FIFA World Cup qualification,Yaoundé,Cameroon,FALSE
2025-10-13,Mauritius,Libya,0,0,FIFA World Cup qualification,Saint Pierre,Mauritius,FALSE
2025-10-13,Equatorial Guinea,Liberia,1,1,FIFA World Cup qualification,Malabo,Equatorial Guinea,FALSE
2025-10-13,São Tomé and Príncipe,Malawi,1,0,FIFA World Cup qualification,Sousse,Tunisia,TRUE
2025-10-13,Tunisia,Namibia,3,0,FIFA World Cup qualification,Radès,Tunisia,FALSE
2025-10-13,Northern Ireland,Germany,0,1,FIFA World Cup qualification,Belfast,Northern Ireland,FALSE
2025-10-13,Slovakia,Luxembourg,2,0,FIFA World Cup qualification,Trnava,Slovakia,FALSE
2025-10-13,Slovenia,Switzerland,0,0,FIFA World Cup qualification,Ljubljana,Slovenia,FALSE
2025-10-13,Sweden,Kosovo,0,1,FIFA World Cup qualification,Gothenburg,Sweden,FALSE
2025-10-13,Iceland,France,2,2,FIFA World Cup qualification,Reykjavík,Iceland,FALSE
2025-10-13,Ukraine,Azerbaijan,2,1,FIFA World Cup qualification,Kraków,Poland,TRUE
2025-10-13,Wales,Belgium,2,4,FIFA World Cup qualification,Cardiff,Wales,FALSE
2025-10-13,North Macedonia,Kazakhstan,1,1,FIFA World Cup qualification,Skopje,North Macedonia,FALSE
2025-10-13,Honduras,Haiti,3,0,FIFA World Cup qualification,Tegucigalpa,Honduras,FALSE
2025-10-13,Costa Rica,Nicaragua,4,1,FIFA World Cup qualification,San José,Costa Rica,FALSE
2025-10-14,Albania,Jordan,4,2,Friendly,Tirana,Albania,FALSE
2025-10-14,Japan,Brazil,3,2,Kirin Cup,Tokyo,Japan,FALSE
2025-10-14,Iran,Tanzania,2,0,Friendly,Dubai,United Arab Emirates,TRUE
2025-10-14,Canada,Colombia,0,0,Friendly,Harrison,United States,TRUE
2025-10-14,South Korea,Paraguay,2,0,Friendly,Seoul,South Korea,FALSE
2025-10-14,Mexico,Ecuador,1,1,Friendly,Zapopan,Mexico,FALSE
2025-10-14,Norway,New Zealand,1,1,Friendly,Oslo,Norway,FALSE
2025-10-14,Puerto Rico,Argentina,0,6,Friendly,Fort Lauderdale,United States,TRUE
2025-10-14,Russia,Bolivia,3,0,Friendly,Moscow,Russia,FALSE
2025-10-14,United States,Australia,2,1,Friendly,Denver,United States,FALSE
2025-10-14,Qatar,United Arab Emirates,2,1,FIFA World Cup qualification,Al Rayyan,Qatar,FALSE
2025-10-14,Saudi Arabia,Iraq,0,0,FIFA World Cup qualification,Jeddah,Saudi Arabia,FALSE
2025-10-14,Senegal,Mauritania,4,0,FIFA World Cup qualification,Diamniadio,Senegal,FALSE
2025-10-14,DR Congo,Sudan,1,0,FIFA World Cup qualification,Kinshasa,DR Congo,FALSE
2025-10-14,Nigeria,Benin,4,0,FIFA World Cup qualification,Uyo,Nigeria,FALSE
2025-10-14,South Africa,Rwanda,3,0,FIFA World Cup qualification,Mbombela,South Africa,FALSE
2025-10-14,Morocco,Congo,1,0,FIFA World Cup qualification,Rabat,Morocco,FALSE
2025-10-14,Seychelles,Gambia,0,7,FIFA World Cup qualification,Saint Pierre,Mauritius,TRUE
2025-10-14,Ivory Coast,Kenya,3,0,FIFA World Cup qualification,Ebimpé,Ivory Coast,FALSE
2025-10-14,Gabon,Burundi,2,0,FIFA World Cup qualification,Franceville,Gabon,FALSE
2025-10-14,Algeria,Uganda,2,1,FIFA World Cup qualification,Tizi Ouzou,Algeria,FALSE
2025-10-14,Guinea,Botswana,2,2,FIFA World Cup qualification,Casablanca,Morocco,TRUE
2025-10-14,Somalia,Mozambique,0,1,FIFA World Cup qualification,Bir El Djir,Algeria,TRUE
2025-10-14,Spain,Bulgaria,4,0,FIFA World Cup qualification,Valladolid,Spain,FALSE
2025-10-14,Turkey,Georgia,4,1,FIFA World Cup qualification,İzmit,Turkey,FALSE
2025-10-14,Portugal,Hungary,2,2,FIFA World Cup qualification,Lisbon,Portugal,FALSE
2025-10-14,Republic of Ireland,Armenia,1,0,FIFA World Cup qualification,Dublin,Republic of Ireland,FALSE
2025-10-14,Estonia,Moldova,1,1,FIFA World Cup qualification,Tallinn,Estonia,FALSE
2025-10-14,Italy,Israel,3,0,FIFA World Cup qualification,Udine,Italy,FALSE
2025-10-14,Andorra,Serbia,1,3,FIFA World Cup qualification,Encamp,Andorra,FALSE
2025-10-14,Latvia,England,0,5,FIFA World Cup qualification,Riga,Latvia,FALSE
2025-10-14,Maldives,Tajikistan,0,3,AFC Asian Cup qualification,Malé,Maldives,FALSE
2025-10-14,Philippines,Timor-Leste,3,1,AFC Asian Cup qualification,Capas,Philippines,FALSE
2025-10-14,Bhutan,Lebanon,0,4,AFC Asian Cup qualification,Al Wakrah,Qatar,TRUE
2025-10-14,Yemen,Brunei,9,0,AFC Asian Cup qualification,Kuwait City,Kuwait,TRUE
2025-10-14,India,Singapore,1,2,AFC Asian Cup qualification,Margao,India,FALSE
2025-10-14,Hong Kong,Bangladesh,1,1,AFC Asian Cup qualification,Kowloon,Hong Kong,FALSE
2025-10-14,Taiwan,Thailand,1,6,AFC Asian Cup qualification,Taipei,Taiwan,FALSE
2025-10-14,Turkmenistan,Sri Lanka,2,1,AFC Asian Cup qualification,Arkadag,Turkmenistan,FALSE
2025-10-14,Myanmar,Syria,0,3,AFC Asian Cup qualification,Yangon,Myanmar,FALSE
2025-10-14,Afghanistan,Pakistan,1,1,AFC Asian Cup qualification,Al Farwaniyah,Kuwait,TRUE
2025-10-14,Vietnam,Nepal,1,0,AFC Asian Cup qualification,Ho Chi Minh City,Vietnam,FALSE
2025-10-14,Malaysia,Laos,5,1,AFC Asian Cup qualification,Kuala Lumpur,Malaysia,FALSE
2025-10-14,Panama,Suriname,1,1,FIFA World Cup qualification,Panama City,Panama,FALSE
2025-10-14,El Salvador,Guatemala,0,1,FIFA World Cup qualification,San Salvador,El Salvador,FALSE
2025-10-14,Curaçao,Trinidad and Tobago,1,1,FIFA World Cup qualification,Willemstad,Curaçao,FALSE
2025-10-14,Jamaica,Bermuda,4,0,FIFA World Cup qualification,Kingston,Jamaica,FALSE
2025-11-12,Tunisia,Mauritania,1,1,Friendly,Radès,Tunisia,FALSE
2025-11-12,Russia,Peru,1,1,Friendly,Saint Petersburg,Russia,FALSE
2025-11-12,Cuba,Saint Lucia,3,0,CONCACAF Series,Santiago de los Caballeros,Dominican Republic,TRUE
2025-11-12,Dominican Republic,Saint Vincent and the Grenadines,2,0,CONCACAF Series,Santiago de los Caballeros,Dominican Republic,FALSE
2025-11-12,Dominica,Saint Martin,1,2,CONCACAF Series,Basseterre,Saint Kitts and Nevis,TRUE
2025-11-12,Saint Kitts and Nevis,Sint Maarten,0,0,CONCACAF Series,Basseterre,Saint Kitts and Nevis,FALSE
2025-11-12,Barbados,Bonaire,3,2,CONCACAF Series,North Sound,Antigua and Barbuda,TRUE
2025-11-12,Antigua and Barbuda,Aruba,0,0,CONCACAF Series,North Sound,Antigua and Barbuda,FALSE
2025-11-12,Bahamas,Anguilla,1,2,CONCACAF Series,George Town,Cayman Islands,TRUE
2025-11-12,Cayman Islands,British Virgin Islands,1,2,CONCACAF Series,George Town,Cayman Islands,FALSE
2025-11-13,Algeria,Zimbabwe,3,1,Friendly,Jeddah,Saudi Arabia,TRUE
2025-11-13,Bangladesh,Nepal,2,2,Friendly,Dhaka,Bangladesh,FALSE
2025-11-13,Canada,Ecuador,0,0,Friendly,Toronto,Canada,FALSE
2025-11-13,Czech Republic,San Marino,1,0,Friendly,Karviná,Czech Republic,FALSE
2025-11-13,Hong Kong,Cambodia,1,1,Friendly,Hong Kong,Hong Kong,FALSE
2025-11-13,Lithuania,Israel,0,0,Friendly,Kaunas,Lithuania,FALSE
2025-11-13,North Macedonia,Latvia,0,0,Friendly,Skopje,North Macedonia,FALSE
2025-11-13,Thailand,Singapore,3,2,Friendly,Pathum Thani,Thailand,FALSE
2025-11-13,United Arab Emirates,Iraq,1,1,FIFA World Cup qualification,Abu Dhabi,United Arab Emirates,FALSE
2025-11-13,Cameroon,DR Congo,0,1,FIFA World Cup qualification,Rabat,Morocco,TRUE
2025-11-13,Nigeria,Gabon,4,1,FIFA World Cup qualification,Rabat,Morocco,TRUE
2025-11-13,France,Ukraine,4,0,FIFA World Cup qualification,Paris,France,FALSE
2025-11-13,Azerbaijan,Iceland,0,2,FIFA World Cup qualification,Baku,Azerbaijan,FALSE
2025-11-13,Republic of Ireland,Portugal,2,0,FIFA World Cup qualification,Dublin,Republic of Ireland,FALSE
2025-11-13,Armenia,Hungary,0,1,FIFA World Cup qualification,Yerevan,Armenia,FALSE
2025-11-13,Norway,Estonia,4,1,FIFA World Cup qualification,Oslo,Norway,FALSE
2025-11-13,Moldova,Italy,0,2,FIFA World Cup qualification,Chișinău,Moldova,FALSE
2025-11-13,England,Serbia,2,0,FIFA World Cup qualification,London,England,FALSE
2025-11-13,Andorra,Albania,0,1,FIFA World Cup qualification,Encamp,Andorra,FALSE
2025-11-13,Iran,Cape Verde,0,0,Al Ain International Cup,Al Ain,United Arab Emirates,TRUE
2025-11-13,Papua New Guinea,Solomon Islands,1,0,MSG Prime Minister's Cup,Port Moresby,Papua New Guinea,FALSE
2025-11-13,Suriname,El Salvador,4,0,FIFA World Cup qualification,Paramaribo,Suriname,FALSE
2025-11-13,Guatemala,Panama,2,3,FIFA World Cup qualification,Guatemala City,Guatemala,FALSE
2025-11-13,Bermuda,Curaçao,0,7,FIFA World Cup qualification,Devonshire Parish,Bermuda,FALSE
2025-11-13,Trinidad and Tobago,Jamaica,1,1,FIFA World Cup qualification,Port of Spain,Trinidad and Tobago,FALSE
2025-11-13,Haiti,Costa Rica,1,0,FIFA World Cup qualification,Willemstad,Curaçao,TRUE
2025-11-13,Nicaragua,Honduras,2,0,FIFA World Cup qualification,Managua,Nicaragua,FALSE
2025-11-14,Angola,Argentina,0,2,Friendly,Luanda,Angola,FALSE
2025-11-14,Australia,Venezuela,0,1,Friendly,Houston,United States,TRUE
2025-11-14,South Korea,Bolivia,2,0,Friendly,Daejeon,South Korea,FALSE
2025-11-14,Morocco,Mozambique,1,0,Friendly,Tangier,Morocco,FALSE
2025-11-14,Oman,Sudan,2,0,Friendly,Seeb,Oman,FALSE
2025-11-14,Comoros,Namibia,1,0,Friendly,Iconi,Comoros,FALSE
2025-11-14,Uganda,Chad,2,1,Friendly,Berrechid,Morocco,TRUE
2025-11-14,Burkina Faso,Niger,3,2,Friendly,Mohammedia,Morocco,TRUE
2025-11-14,Japan,Ghana,2,0,Kirin Cup,Toyota,Japan,FALSE
2025-11-14,Saudi Arabia,Ivory Coast,1,0,Friendly,Jeddah,Saudi Arabia,FALSE
2025-11-14,Tunisia,Jordan,3,2,Friendly,Radès,Tunisia,FALSE
2025-11-14,Luxembourg,Germany,0,2,FIFA World Cup qualification,Luxembourg,Luxembourg,FALSE
2025-11-14,Slovakia,Northern Ireland,1,0,FIFA World Cup qualification,Košice,Slovakia,FALSE
2025-11-14,Finland,Malta,0,1,FIFA World Cup qualification,Helsinki,Finland,FALSE
2025-11-14,Poland,Netherlands,1,1,FIFA World Cup qualification,Warsaw,Poland,FALSE
2025-11-14,Croatia,Faroe Islands,3,1,FIFA World Cup qualification,Rijeka,Croatia,FALSE
2025-11-14,Gibraltar,Montenegro,1,2,FIFA World Cup qualification,Gibraltar,Gibraltar,FALSE
2025-11-14,Uzbekistan,Egypt,2,0,Al Ain International Cup,Al Ain,United Arab Emirates,TRUE
2025-11-15,Russia,Chile,0,2,Friendly,Sochi,Russia,FALSE
2025-11-15,Libya,Mauritania,1,0,Friendly,Benina,Libya,FALSE
2025-11-15,Kuwait,Tanzania,4,3,Friendly,Cairo,Egypt,TRUE
2025-11-15,Lesotho,Malawi,0,0,Friendly,Bloemfontein,South Africa,TRUE
2025-11-15,Guinea,Liberia,2,0,Friendly,Casablanca,Morocco,TRUE
2025-11-15,Brazil,Senegal,2,0,Friendly,London,England,TRUE
2025-11-15,Colombia,New Zealand,2,1,Friendly,Fort Lauderdale,United States,TRUE
2025-11-15,Mexico,Uruguay,0,0,Friendly,Torreón,Mexico,FALSE
2025-11-15,South Africa,Zambia,3,1,Friendly,Gqeberha,South Africa,FALSE
2025-11-15,United States,Paraguay,2,1,Friendly,Chester,United States,FALSE
2025-11-15,Slovenia,Kosovo,0,2,FIFA World Cup qualification,Ljubljana,Slovenia,FALSE
2025-11-15,Switzerland,Sweden,4,1,FIFA World Cup qualification,Geneva,Switzerland,FALSE
2025-11-15,Denmark,Belarus,2,2,FIFA World Cup qualification,Copenhagen,Denmark,FALSE
2025-11-15,Greece,Scotland,3,2,FIFA World Cup qualification,Piraeus,Greece,FALSE
2025-11-15,Turkey,Bulgaria,2,0,FIFA World Cup qualification,Bursa,Turkey,FALSE
2025-11-15,Georgia,Spain,0,4,FIFA World Cup qualification,Tbilisi,Georgia,FALSE
2025-11-15,Cyprus,Austria,0,2,FIFA World Cup qualification,Limassol,Cyprus,FALSE
2025-11-15,Bosnia and Herzegovina,Romania,3,1,FIFA World Cup qualification,Zenica,Bosnia and Herzegovina,FALSE
2025-11-15,Liechtenstein,Wales,0,1,FIFA World Cup qualification,Vaduz,Liechtenstein,FALSE
2025-11-15,Kazakhstan,Belgium,1,1,FIFA World Cup qualification,Astana,Kazakhstan,FALSE
2025-11-15,Martinique,Cuba,0,2,CONCACAF Series,Santiago de los Caballeros,Dominican Republic,TRUE
2025-11-15,Saint Vincent and the Grenadines,Saint Lucia,3,1,CONCACAF Series,Santiago de los Caballeros,Dominican Republic,TRUE
2025-11-15,Dominica,Sint Maarten,2,3,CONCACAF Series,Basseterre,Saint Kitts and Nevis,TRUE
2025-11-15,Saint Martin,Belize,0,1,CONCACAF Series,Basseterre,Saint Kitts and Nevis,TRUE
2025-11-15,Barbados,Aruba,0,3,CONCACAF Series,North Sound,Antigua and Barbuda,TRUE
2025-11-15,Guyana,Bonaire,2,1,CONCACAF Series,North Sound,Antigua and Barbuda,TRUE
2025-11-15,Bahamas,British Virgin Islands,0,6,CONCACAF Series,George Town,Cayman Islands,TRUE
2025-11-15,Cayman Islands,Anguilla,4,0,CONCACAF Series,George Town,Cayman Islands,FALSE
2025-11-15,Basque Country,Palestine,3,0,Friendly,Bilbao,Spain,FALSE
2025-11-16,Nigeria,DR Congo,1,1,FIFA World Cup qualification,Rabat,Morocco,TRUE
2025-11-16,Ukraine,Iceland,2,0,FIFA World Cup qualification,Warsaw,Poland,TRUE
2025-11-16,Azerbaijan,France,1,3,FIFA World Cup qualification,Baku,Azerbaijan,FALSE
2025-11-16,Portugal,Armenia,9,1,FIFA World Cup qualification,Porto,Portugal,FALSE
2025-11-16,Hungary,Republic of Ireland,2,3,FIFA World Cup qualification,Budapest,Hungary,FALSE
2025-11-16,Moldova,Israel,1,4,FIFA World Cup qualification,Chișinău,Moldova,FALSE
2025-11-16,Italy,Norway,1,4,FIFA World Cup qualification,Milan,Italy,FALSE
2025-11-16,Albania,England,0,2,FIFA World Cup qualification,Tirana,Albania,FALSE
2025-11-16,Serbia,Latvia,2,1,FIFA World Cup qualification,Leskovac,Serbia,FALSE
2025-11-17,Comoros,Namibia,4,0,Friendly,Iconi,Comoros,FALSE
2025-11-17,Mozambique,Chad,2,2,Friendly,Berrechid,Morocco,TRUE
2025-11-17,Madagascar,Equatorial Guinea,2,0,Friendly,Antalya,Turkey,TRUE
2025-11-17,Finland,Andorra,4,0,Friendly,Tampere,Finland,FALSE
2025-11-17,Qatar,Zimbabwe,1,2,Friendly,Al Rayyan,Qatar,FALSE
2025-11-17,Bahrain,Somalia,1,2,Friendly,Riffa,Bahrain,FALSE
2025-11-17,Northern Ireland,Luxembourg,1,0,FIFA World Cup qualification,Belfast,Northern Ireland,FALSE
2025-11-17,Germany,Slovakia,6,0,FIFA World Cup qualification,Leipzig,Germany,FALSE
2025-11-17,Malta,Poland,2,3,FIFA World Cup qualification,Ta' Qali,Malta,FALSE
2025-11-17,Netherlands,Lithuania,4,0,FIFA World Cup qualification,Amsterdam,Netherlands,FALSE
2025-11-17,Czech Republic,Gibraltar,6,0,FIFA World Cup qualification,Olomouc,Czech Republic,FALSE
2025-11-17,Montenegro,Croatia,2,3,FIFA World Cup qualification,Podgorica,Montenegro,FALSE
2025-11-17,Cape Verde,Egypt,1,1,Al Ain International Cup,Al Ain,United Arab Emirates,TRUE
2025-11-17,Vanuatu,Fiji,2,0,MSG Prime Minister's Cup,Port Moresby,Papua New Guinea,TRUE
2025-11-18,Angola,Zambia,3,2,Friendly,Luanda,Angola,FALSE
2025-11-18,Morocco,Uganda,4,0,Friendly,Tangier,Morocco,FALSE
2025-11-18,Oman,Ivory Coast,0,2,Friendly,Seeb,Oman,FALSE
2025-11-18,Saudi Arabia,Algeria,0,2,Friendly,Jeddah,Saudi Arabia,FALSE
2025-11-18,Guinea,Niger,1,1,Friendly,Mohammedia,Morocco,TRUE
2025-11-18,Kenya,Senegal,0,8,Friendly,Antalya,Turkey,TRUE
2025-11-18,Benin,Burkina Faso,0,3,Friendly,Mohammedia,Morocco,TRUE
2025-11-18,Japan,Bolivia,3,0,Kirin Cup,Tokyo,Japan,FALSE
2025-11-18,Mali,Jordan,3,2,Friendly,Radès,Tunisia,TRUE
2025-11-18,Kuwait,Gambia,2,2,Friendly,Cairo,Egypt,TRUE
2025-11-18,Lesotho,Malawi,0,1,Friendly,Bloemfontein,South Africa,TRUE
2025-11-18,Maldives,Philippines,0,2,AFC Asian Cup qualification,Malé,Maldives,FALSE
2025-11-18,Timor-Leste,Tajikistan,0,5,AFC Asian Cup qualification,Darwin,Australia,TRUE
2025-11-18,Yemen,Bhutan,7,1,AFC Asian Cup qualification,Kuwait City,Kuwait,TRUE
2025-11-18,Brunei,Lebanon,0,3,AFC Asian Cup qualification,Bandar Seri Begawan,Brunei,FALSE
2025-11-18,Bangladesh,India,1,0,AFC Asian Cup qualification,Dhaka,Bangladesh,FALSE
2025-11-18,Hong Kong,Singapore,1,2,AFC Asian Cup qualification,Kowloon,Hong Kong,FALSE
2025-11-18,Sri Lanka,Thailand,0,4,AFC Asian Cup qualification,Colombo,Sri Lanka,FALSE
2025-11-18,Turkmenistan,Taiwan,3,1,AFC Asian Cup qualification,Arkadag,Turkmenistan,FALSE
2025-11-18,Pakistan,Syria,0,5,AFC Asian Cup qualification,Islamabad,Pakistan,FALSE
2025-11-18,Malaysia,Nepal,1,0,AFC Asian Cup qualification,Kuala Lumpur,Malaysia,FALSE
2025-11-18,Brazil,Tunisia,1,1,Friendly,Lille,France,TRUE
2025-11-18,Canada,Venezuela,2,0,Friendly,Fort Lauderdale,United States,TRUE
2025-11-18,Chile,Peru,2,1,Friendly,Sochi,Russia,TRUE
2025-11-18,Colombia,Australia,3,0,Friendly,New York,United States,TRUE
2025-11-18,Cyprus,Estonia,2,4,Friendly,Limassol,Cyprus,FALSE
2025-11-18,Ecuador,New Zealand,2,0,Friendly,Harrison,United States,TRUE
2025-11-18,Faroe Islands,Kazakhstan,1,0,Friendly,Pula,Croatia,TRUE
2025-11-18,South Korea,Ghana,1,0,Friendly,Seoul,South Korea,FALSE
2025-11-18,Mexico,Paraguay,1,2,Friendly,San Antonio,United States,TRUE
2025-11-18,United States,Uruguay,5,1,Friendly,Tampa,United States,FALSE
2025-11-18,Iraq,United Arab Emirates,2,1,FIFA World Cup qualification,Basra,Iraq,FALSE
2025-11-18,Kosovo,Switzerland,1,1,FIFA World Cup qualification,Pristina,Kosovo,FALSE
2025-11-18,Sweden,Slovenia,1,1,FIFA World Cup qualification,Solna,Sweden,FALSE
2025-11-18,Scotland,Denmark,4,2,FIFA World Cup qualification,Glasgow,Scotland,FALSE
2025-11-18,Belarus,Greece,0,0,FIFA World Cup qualification,Zalaegerszeg,Hungary,TRUE
2025-11-18,Spain,Turkey,2,2,FIFA World Cup qualification,Seville,Spain,FALSE
2025-11-18,Bulgaria,Georgia,2,1,FIFA World Cup qualification,Sofia,Bulgaria,FALSE
2025-11-18,Austria,Bosnia and Herzegovina,1,1,FIFA World Cup qualification,Vienna,Austria,FALSE
2025-11-18,Romania,San Marino,7,1,FIFA World Cup qualification,Ploiești,Romania,FALSE
2025-11-18,Wales,North Macedonia,7,1,FIFA World Cup qualification,Cardiff,Wales,FALSE
2025-11-18,Belgium,Liechtenstein,7,0,FIFA World Cup qualification,Liège,Belgium,FALSE
2025-11-18,Dominican Republic,Martinique,0,0,CONCACAF Series,Santiago de los Caballeros,Dominican Republic,FALSE
2025-11-18,Saint Kitts and Nevis,Belize,2,6,CONCACAF Series,Basseterre,Saint Kitts and Nevis,FALSE
2025-11-18,Antigua and Barbuda,Guyana,1,4,CONCACAF Series,North Sound,Antigua and Barbuda,FALSE
2025-11-18,Iran,Uzbekistan,0,0,Al Ain International Cup,Al Ain,United Arab Emirates,TRUE
2025-11-18,Guatemala,Suriname,3,1,FIFA World Cup qualification,Guatemala City,Guatemala,FALSE
2025-11-18,Panama,El Salvador,3,0,FIFA World Cup qualification,Panama City,Panama,FALSE
2025-11-18,Jamaica,Curaçao,0,0,FIFA World Cup qualification,Kingston,Jamaica,FALSE
2025-11-18,Trinidad and Tobago,Bermuda,2,2,FIFA World Cup qualification,Port of Spain,Trinidad and Tobago,FALSE
2025-11-18,Costa Rica,Honduras,0,0,FIFA World Cup qualification,San José,Costa Rica,FALSE
2025-11-18,Haiti,Nicaragua,2,0,FIFA World Cup qualification,Willemstad,Curaçao,TRUE
2025-11-19,Laos,Vietnam,0,2,AFC Asian Cup qualification,Vientiane,Laos,FALSE
2025-11-20,Vanuatu,Solomon Islands,2,1,MSG Prime Minister's Cup,Port Moresby,Papua New Guinea,TRUE
2025-11-20,Papua New Guinea,Fiji,2,0,MSG Prime Minister's Cup,Port Moresby,Papua New Guinea,FALSE
2025-11-23,Papua New Guinea,Vanuatu,2,2,MSG Prime Minister's Cup,Port Moresby,Papua New Guinea,FALSE
2025-11-25,Mauritania,Kuwait,0,2,Arab Cup qualification,Al Rayyan,Qatar,TRUE
2025-11-25,Syria,South Sudan,2,0,Arab Cup qualification,Doha,Qatar,TRUE
2025-11-25,Palestine,Libya,0,0,Arab Cup qualification,Al Rayyan,Qatar,TRUE
2025-11-26,Oman,Somalia,0,0,Arab Cup qualification,Doha,Qatar,TRUE
2025-11-26,Bahrain,Djibouti,1,0,Arab Cup qualification,Al Rayyan,Qatar,TRUE
2025-11-26,Sudan,Lebanon,2,1,Arab Cup qualification,Al Rayyan,Qatar,TRUE
2025-11-26,Comoros,Yemen,4,4,Arab Cup qualification,Doha,Qatar,TRUE
2025-12-01,Tunisia,Syria,0,1,Arab Cup,Al Rayyan,Qatar,TRUE
2025-12-01,Qatar,Palestine,0,1,Arab Cup,Al Khor,Qatar,FALSE
2025-12-02,Morocco,Comoros,3,1,Arab Cup,Al Rayyan,Qatar,TRUE
2025-12-02,Saudi Arabia,Oman,2,1,Arab Cup,Al Rayyan,Qatar,TRUE
2025-12-02,Egypt,Kuwait,1,1,Arab Cup,Lusail,Qatar,TRUE
2025-12-03,Jordan,United Arab Emirates,2,1,Arab Cup,Al Khor,Qatar,TRUE
2025-12-03,Algeria,Sudan,0,0,Arab Cup,Al Rayyan,Qatar,TRUE
2025-12-03,Iraq,Bahrain,2,1,Arab Cup,Doha,Qatar,TRUE
2025-12-04,Palestine,Tunisia,2,2,Arab Cup,Lusail,Qatar,TRUE
2025-12-04,Qatar,Syria,1,1,Arab Cup,Al Rayyan,Qatar,FALSE
2025-12-05,Oman,Morocco,0,0,Arab Cup,Al Rayyan,Qatar,TRUE
2025-12-05,Comoros,Saudi Arabia,1,3,Arab Cup,Al Khor,Qatar,TRUE
2025-12-06,Kuwait,Jordan,1,3,Arab Cup,Al Rayyan,Qatar,TRUE
2025-12-06,United Arab Emirates,Egypt,1,1,Arab Cup,Lusail,Qatar,TRUE
2025-12-06,Bahrain,Algeria,1,5,Arab Cup,Al Rayyan,Qatar,TRUE
2025-12-06,Sudan,Iraq,0,2,Arab Cup,Doha,Qatar,TRUE
2025-12-07,Qatar,Tunisia,0,3,Arab Cup,Al Khor,Qatar,FALSE
2025-12-07,Syria,Palestine,0,0,Arab Cup,Al Rayyan,Qatar,TRUE
2025-12-08,Morocco,Saudi Arabia,1,0,Arab Cup,Lusail,Qatar,TRUE
2025-12-08,Oman,Comoros,2,1,Arab Cup,Doha,Qatar,TRUE
2025-12-09,Egypt,Jordan,0,3,Arab Cup,Al Khor,Qatar,TRUE
2025-12-09,United Arab Emirates,Kuwait,3,1,Arab Cup,Doha,Qatar,TRUE
2025-12-09,Algeria,Iraq,2,0,Arab Cup,Al Rayyan,Qatar,TRUE
2025-12-09,Bahrain,Sudan,3,1,Arab Cup,Al Rayyan,Qatar,TRUE
2025-12-11,Morocco,Syria,1,0,Arab Cup,Al Rayyan,Qatar,TRUE
2025-12-11,Palestine,Saudi Arabia,1,2,Arab Cup,Lusail,Qatar,TRUE
2025-12-12,Jordan,Iraq,1,0,Arab Cup,Al Rayyan,Qatar,TRUE
2025-12-12,Algeria,United Arab Emirates,1,1,Arab Cup,Al Khor,Qatar,TRUE
2025-12-15,Morocco,United Arab Emirates,3,0,Arab Cup,Al Rayyan,Qatar,TRUE
2025-12-15,Saudi Arabia,Jordan,0,1,Arab Cup,Al Khor,Qatar,TRUE
2025-12-18,Jordan,Morocco,2,3,Arab Cup,Lusail,Qatar,TRUE
2025-12-21,Morocco,Comoros,2,0,African Cup of Nations,Rabat,Morocco,FALSE
2025-12-22,Mali,Zambia,1,1,African Cup of Nations,Casablanca,Morocco,TRUE
2025-12-22,South Africa,Angola,2,1,African Cup of Nations,Marrakesh,Morocco,TRUE
2025-12-22,Egypt,Zimbabwe,2,1,African Cup of Nations,Agadir,Morocco,TRUE
2025-12-23,Nigeria,Tanzania,2,1,African Cup of Nations,Fez,Morocco,TRUE
2025-12-23,Tunisia,Uganda,3,1,African Cup of Nations,Rabat,Morocco,TRUE
2025-12-23,DR Congo,Benin,1,0,African Cup of Nations,Rabat,Morocco,TRUE
2025-12-23,Senegal,Botswana,3,0,African Cup of Nations,Tangier,Morocco,TRUE
2025-12-24,Burkina Faso,Equatorial Guinea,2,1,African Cup of Nations,Casablanca,Morocco,TRUE
2025-12-24,Algeria,Sudan,3,0,African Cup of Nations,Rabat,Morocco,TRUE
2025-12-24,Ivory Coast,Mozambique,1,0,African Cup of Nations,Marrakesh,Morocco,TRUE
2025-12-24,Cameroon,Gabon,1,0,African Cup of Nations,Agadir,Morocco,TRUE
2025-12-26,Zambia,Comoros,0,0,African Cup of Nations,Casablanca,Morocco,TRUE
2025-12-26,Morocco,Mali,1,1,African Cup of Nations,Rabat,Morocco,FALSE
2025-12-26,Angola,Zimbabwe,1,1,African Cup of Nations,Marrakesh,Morocco,TRUE
2025-12-26,Egypt,South Africa,1,0,African Cup of Nations,Agadir,Morocco,TRUE
2025-12-27,Uganda,Tanzania,1,1,African Cup of Nations,Rabat,Morocco,TRUE
2025-12-27,Nigeria,Tunisia,3,2,African Cup of Nations,Fez,Morocco,TRUE
2025-12-27,Benin,Botswana,1,0,African Cup of Nations,Rabat,Morocco,TRUE
2025-12-27,Senegal,DR Congo,1,1,African Cup of Nations,Tangier,Morocco,TRUE
2025-12-28,Equatorial Guinea,Sudan,0,1,African Cup of Nations,Casablanca,Morocco,TRUE
2025-12-28,Algeria,Burkina Faso,1,0,African Cup of Nations,Rabat,Morocco,TRUE
2025-12-28,Gabon,Mozambique,2,3,African Cup of Nations,Agadir,Morocco,TRUE
2025-12-28,Ivory Coast,Cameroon,1,1,African Cup of Nations,Marrakesh,Morocco,TRUE
2025-12-29,Morocco,Zambia,3,0,African Cup of Nations,Rabat,Morocco,FALSE
2025-12-29,Comoros,Mali,0,0,African Cup of Nations,Casablanca,Morocco,TRUE
2025-12-29,Angola,Egypt,0,0,African Cup of Nations,Agadir,Morocco,TRUE
2025-12-29,Zimbabwe,South Africa,2,3,African Cup of Nations,Marrakesh,Morocco,TRUE
2025-12-30,Uganda,Nigeria,1,3,African Cup of Nations,Fez,Morocco,TRUE
2025-12-30,Tanzania,Tunisia,1,1,African Cup of Nations,Rabat,Morocco,TRUE
2025-12-30,Benin,Senegal,0,3,African Cup of Nations,Tangier,Morocco,TRUE
2025-12-30,Botswana,DR Congo,0,3,African Cup of Nations,Rabat,Morocco,TRUE
2025-12-31,Equatorial Guinea,Algeria,1,3,African Cup of Nations,Rabat,Morocco,TRUE
2025-12-31,Sudan,Burkina Faso,0,2,African Cup of Nations,Casablanca,Morocco,TRUE
2025-12-31,Gabon,Ivory Coast,2,3,African Cup of Nations,Marrakesh,Morocco,TRUE
2025-12-31,Mozambique,Cameroon,1,2,African Cup of Nations,Agadir,Morocco,TRUE
2026-01-03,Senegal,Sudan,3,1,African Cup of Nations,Tangier,Morocco,TRUE
2026-01-03,Mali,Tunisia,1,1,African Cup of Nations,Casablanca,Morocco,TRUE
2026-01-04,Morocco,Tanzania,1,0,African Cup of Nations,Rabat,Morocco,FALSE
2026-01-04,South Africa,Cameroon,1,2,African Cup of Nations,Rabat,Morocco,TRUE
2026-01-05,Egypt,Benin,3,1,African Cup of Nations,Agadir,Morocco,TRUE
2026-01-05,Nigeria,Mozambique,4,0,African Cup of Nations,Fez,Morocco,TRUE
2026-01-06,Algeria,DR Congo,1,0,African Cup of Nations,Rabat,Morocco,TRUE
2026-01-06,Ivory Coast,Burkina Faso,3,0,African Cup of Nations,Marrakesh,Morocco,TRUE
2026-01-09,Mali,Senegal,0,1,African Cup of Nations,Tangier,Morocco,TRUE
2026-01-09,Morocco,Cameroon,2,0,African Cup of Nations,Rabat,Morocco,FALSE
2026-01-10,Algeria,Nigeria,0,2,African Cup of Nations,Marrakesh,Morocco,TRUE
2026-01-10,Egypt,Ivory Coast,3,2,African Cup of Nations,Agadir,Morocco,TRUE
2026-01-14,Senegal,Egypt,1,0,African Cup of Nations,Tangier,Morocco,TRUE
2026-01-14,Morocco,Nigeria,0,0,African Cup of Nations,Rabat,Morocco,FALSE
2026-01-17,Egypt,Nigeria,0,0,African Cup of Nations,Casablanca,Morocco,TRUE
2026-01-18,Morocco,Senegal,3,0,African Cup of Nations,Rabat,Morocco,FALSE
2026-01-18,Bolivia,Panama,1,1,Friendly,Tarija,Bolivia,FALSE
2026-01-18,Grenada,Jamaica,0,1,Friendly,St. George's,Grenada,FALSE
2026-01-22,Panama,Mexico,0,1,Friendly,Panama City,Panama,FALSE
2026-01-25,Bolivia,Mexico,0,1,Friendly,Santa Cruz,Bolivia,FALSE
2026-01-26,Uzbekistan,China,2,2,Friendly,Dubai,United Arab Emirates,TRUE
2026-02-25,Mexico,Iceland,4,0,Friendly,Querétaro,Mexico,FALSE
2026-03-15,Bolivia,Trinidad and Tobago,3,0,Friendly,Santa Cruz,Bolivia,FALSE
2026-03-25,Bermuda,DR Congo,0,2,Friendly,Zapopan,Mexico,TRUE
2026-03-25,Equatorial Guinea,Kyrgyzstan,1,0,Friendly,Antalya,Turkey,TRUE
2026-03-25,Kazakhstan,Namibia,2,0,FIFA Series,Astana,Kazakhstan,FALSE
2026-03-25,United States Virgin Islands,American Samoa,5,2,FIFA Series,Bayamón,Puerto Rico,TRUE
2026-03-25,Puerto Rico,Guam,4,0,FIFA Series,Bayamón,Puerto Rico,FALSE
2026-03-26,Brazil,France,1,2,Friendly,Foxborough,United States,TRUE
2026-03-26,Colombia,Croatia,1,2,Friendly,Orlando,United States,TRUE
2026-03-26,Cyprus,Belarus,0,1,Friendly,Nicosia,Cyprus,FALSE
2026-03-26,Georgia,Israel,2,2,Friendly,Tbilisi,Georgia,FALSE
2026-03-26,Moldova,Lithuania,0,2,Friendly,Chișinău,Moldova,FALSE
2026-03-26,Vietnam,Bangladesh,3,0,Friendly,Hanoi,Vietnam,FALSE
2026-03-26,New Caledonia,Jamaica,0,1,FIFA World Cup qualification,Zapopan,Mexico,TRUE
2026-03-26,Bolivia,Suriname,2,1,FIFA World Cup qualification,Guadalupe,Mexico,TRUE
2026-03-26,Italy,Northern Ireland,2,0,FIFA World Cup qualification,Bergamo,Italy,FALSE
2026-03-26,Wales,Bosnia and Herzegovina,1,1,FIFA World Cup qualification,Cardiff,Wales,FALSE
2026-03-26,Poland,Albania,2,1,FIFA World Cup qualification,Warsaw,Poland,FALSE
2026-03-26,Ukraine,Sweden,1,3,FIFA World Cup qualification,Valencia,Spain,TRUE
2026-03-26,Slovakia,Kosovo,3,4,FIFA World Cup qualification,Bratislava,Slovakia,FALSE
2026-03-26,Turkey,Romania,1,0,FIFA World Cup qualification,Istanbul,Turkey,FALSE
2026-03-26,Czech Republic,Republic of Ireland,2,2,FIFA World Cup qualification,Prague,Czech Republic,FALSE
2026-03-26,Denmark,North Macedonia,4,0,FIFA World Cup qualification,Copenhagen,Denmark,FALSE
2026-03-26,Aruba,Macau,4,1,FIFA Series,Kigali,Rwanda,TRUE
2026-03-26,Tanzania,Liechtenstein,0,1,FIFA Series,Kigali,Rwanda,TRUE
2026-03-26,Martinique,Cuba,2,2,CONCACAF Series,Santiago de los Caballeros,Dominican Republic,TRUE
2026-03-26,Dominican Republic,El Salvador,2,2,CONCACAF Series,Santiago de los Caballeros,Dominican Republic,FALSE
2026-03-26,Saint Martin,Barbados,3,1,CONCACAF Series,Rincon,Bonaire,TRUE
2026-03-26,Bonaire,Saint Vincent and the Grenadines,3,1,CONCACAF Series,Rincon,Bonaire,FALSE
2026-03-26,Bahamas,Anguilla,1,3,CONCACAF Series,George Town,Cayman Islands,TRUE
2026-03-26,Cayman Islands,British Virgin Islands,1,1,CONCACAF Series,George Town,Cayman Islands,FALSE
2026-03-27,Algeria,Guatemala,7,0,Friendly,Genoa,Italy,TRUE
2026-03-27,Argentina,Mauritania,2,1,Friendly,Buenos Aires,Argentina,FALSE
2026-03-27,Austria,Ghana,5,1,Friendly,Vienna,Austria,FALSE
2026-03-27,England,Uruguay,1,1,Friendly,London,England,FALSE
2026-03-27,Greece,Paraguay,0,1,Friendly,Athens,Greece,FALSE
2026-03-27,Guinea,Togo,2,2,"Morocco, Capital of African Football",Rabat,Morocco,TRUE
2026-03-27,Liberia,Benin,0,1,"Morocco, Capital of African Football",Casablanca,Morocco,TRUE
2026-03-27,Libya,Niger,0,0,"Morocco, Capital of African Football",Casablanca,Morocco,TRUE
2026-03-27,Montenegro,Andorra,2,0,Friendly,Podgorica,Montenegro,FALSE
2026-03-27,Morocco,Ecuador,1,1,Friendly,Madrid,Spain,TRUE
2026-03-27,Netherlands,Norway,2,1,Friendly,Amsterdam,Netherlands,FALSE
2026-03-27,Saudi Arabia,Egypt,0,4,Friendly,Jeddah,Saudi Arabia,FALSE
2026-03-27,South Africa,Panama,1,1,Friendly,Durban,South Africa,FALSE
2026-03-27,Spain,Serbia,3,0,Friendly,Villarreal,Spain,FALSE
2026-03-27,Russia,Nicaragua,3,1,Friendly,Krasnodar,Russia,FALSE
2026-03-27,Switzerland,Germany,3,4,Friendly,Basel,Switzerland,FALSE
2026-03-27,Costa Rica,Jordan,2,2,Friendly,Antalya,Turkey,TRUE
2026-03-27,Iran,Nigeria,1,2,Friendly,Antalya,Turkey,TRUE
2026-03-27,China,Curaçao,2,0,FIFA Series,Sydney,Australia,TRUE
2026-03-27,Australia,Cameroon,1,0,FIFA Series,Sydney,Australia,FALSE
2026-03-27,Azerbaijan,Saint Lucia,6,1,FIFA Series,Sumgait,Azerbaijan,FALSE
2026-03-27,Solomon Islands,Bulgaria,2,10,FIFA Series,Jakarta,Indonesia,TRUE
2026-03-27,Indonesia,Saint Kitts and Nevis,4,0,FIFA Series,Jakarta,Indonesia,FALSE
2026-03-27,Chile,Cape Verde,4,2,FIFA Series,Auckland,New Zealand,TRUE
2026-03-27,New Zealand,Finland,0,2,FIFA Series,Auckland,New Zealand,FALSE
2026-03-27,Kenya,Estonia,1,1,FIFA Series,Kigali,Rwanda,TRUE
2026-03-27,Rwanda,Grenada,4,0,FIFA Series,Kigali,Rwanda,FALSE
2026-03-27,Venezuela,Trinidad and Tobago,4,1,FIFA Series,Tashkent,Uzbekistan,TRUE
2026-03-27,Uzbekistan,Gabon,3,1,FIFA Series,Tashkent,Uzbekistan,FALSE
2026-03-27,Guyana,Dominica,2,0,CONCACAF Series,Santiago de los Caballeros,Dominican Republic,TRUE
2026-03-27,Belize,Sint Maarten,2,3,CONCACAF Series,Santiago de los Caballeros,Dominican Republic,TRUE
2026-03-28,Burkina Faso,Guinea-Bissau,5,0,Friendly,Ouagadougou,Burkina Faso,FALSE
2026-03-28,Canada,Iceland,2,2,Friendly,Toronto,Canada,FALSE
2026-03-28,Haiti,Tunisia,0,1,Friendly,Toronto,Canada,TRUE
2026-03-28,Hungary,Slovenia,1,0,Friendly,Budapest,Hungary,FALSE
2026-03-28,Ivory Coast,South Korea,4,0,Friendly,Milton Keynes,England,TRUE
2026-03-28,Mexico,Portugal,0,0,Friendly,Mexico City,Mexico,FALSE
2026-03-28,San Marino,Faroe Islands,1,2,Friendly,Serravalle,San Marino,FALSE
2026-03-28,Scotland,Japan,0,1,Friendly,Glasgow,Scotland,FALSE
2026-03-28,Senegal,Peru,2,0,Friendly,Paris,France,TRUE
2026-03-28,United States,Belgium,2,5,Friendly,Atlanta,United States,FALSE
2026-03-28,Kyrgyzstan,Madagascar,2,5,Friendly,Antalya,Turkey,TRUE
2026-03-28,Botswana,Zimbabwe,0,3,Mukuru 4 Nations,Francistown,Botswana,FALSE
2026-03-28,Namibia,Comoros,0,0,FIFA Series,Astana,Kazakhstan,TRUE
2026-03-28,American Samoa,Guam,0,6,FIFA Series,Bayamón,Puerto Rico,TRUE
2026-03-28,Puerto Rico,United States Virgin Islands,2,0,FIFA Series,Bayamón,Puerto Rico,FALSE
2026-03-29,Armenia,Belarus,1,2,Friendly,Yerevan,Armenia,FALSE
2026-03-29,Colombia,France,1,3,Friendly,Landover,United States,TRUE
2026-03-29,Lithuania,Georgia,0,2,Friendly,Kaunas,Lithuania,FALSE
2026-03-29,Macau,Tanzania,0,6,FIFA Series,Kigali,Rwanda,TRUE
2026-03-29,Aruba,Liechtenstein,4,1,FIFA Series,Kigali,Rwanda,TRUE
2026-03-29,Martinique,El Salvador,0,1,CONCACAF Series,Santiago de los Caballeros,Dominican Republic,TRUE
2026-03-29,Dominican Republic,Cuba,1,1,CONCACAF Series,Santiago de los Caballeros,Dominican Republic,FALSE
2026-03-29,Barbados,Saint Vincent and the Grenadines,2,3,CONCACAF Series,Rincon,Bonaire,TRUE
2026-03-29,Bonaire,Saint Martin,0,3,CONCACAF Series,Rincon,Bonaire,FALSE
2026-03-29,British Virgin Islands,Anguilla,4,0,CONCACAF Series,George Town,Cayman Islands,TRUE
2026-03-29,Cayman Islands,Bahamas,1,0,CONCACAF Series,George Town,Cayman Islands,FALSE
2026-03-30,Cyprus,Moldova,3,2,Friendly,Nicosia,Cyprus,FALSE
2026-03-30,Germany,Ghana,2,1,Friendly,Stuttgart,Germany,FALSE
2026-03-30,Azerbaijan,Sierra Leone,1,1,FIFA Series,Sumgait,Azerbaijan,FALSE
2026-03-30,Saint Kitts and Nevis,Solomon Islands,4,2,FIFA Series,Jakarta,Indonesia,TRUE
2026-03-30,Indonesia,Bulgaria,0,1,FIFA Series,Jakarta,Indonesia,FALSE
2026-03-30,Cape Verde,Finland,1,1,FIFA Series,Auckland,New Zealand,TRUE
2026-03-30,New Zealand,Chile,4,1,FIFA Series,Auckland,New Zealand,FALSE
2026-03-30,Grenada,Kenya,0,3,FIFA Series,Kigali,Rwanda,TRUE
2026-03-30,Rwanda,Estonia,2,0,FIFA Series,Kigali,Rwanda,FALSE
2026-03-30,Gabon,Trinidad and Tobago,2,2,FIFA Series,Tashkent,Uzbekistan,TRUE
2026-03-30,Uzbekistan,Venezuela,0,0,FIFA Series,Tashkent,Uzbekistan,FALSE
2026-03-30,Guyana,Belize,3,1,CONCACAF Series,Santiago de los Caballeros,Dominican Republic,TRUE
2026-03-30,Dominica,Sint Maarten,0,0,CONCACAF Series,Santiago de los Caballeros,Dominican Republic,TRUE
2026-03-31,Algeria,Uruguay,0,0,Friendly,Turin,Italy,TRUE
2026-03-31,Argentina,Zambia,5,0,Friendly,Buenos Aires,Argentina,FALSE
2026-03-31,Austria,South Korea,1,0,Friendly,Vienna,Austria,FALSE
2026-03-31,Benin,Guinea,1,0,"Morocco, Capital of African Football",Casablanca,Morocco,TRUE
2026-03-31,Brazil,Croatia,3,1,Friendly,Orlando,United States,TRUE
2026-03-31,Burkina Faso,Guinea-Bissau,1,1,Friendly,Ouagadougou,Burkina Faso,FALSE
2026-03-31,Canada,Tunisia,0,0,Friendly,Toronto,Canada,FALSE
2026-03-31,Costa Rica,Iran,0,5,Friendly,Antalya,Turkey,TRUE
2026-03-31,England,Japan,0,1,Friendly,London,England,FALSE
2026-03-31,Equatorial Guinea,Madagascar,1,1,Friendly,Manavgat,Turkey,TRUE
2026-03-31,Haiti,Iceland,1,1,Friendly,Toronto,Canada,TRUE
2026-03-31,Hungary,Greece,0,0,Friendly,Budapest,Hungary,FALSE
2026-03-31,Ivory Coast,Scotland,1,0,Friendly,Liverpool,England,TRUE
2026-03-31,Jordan,Nigeria,2,2,Friendly,Antalya,Turkey,TRUE
2026-03-31,Liberia,Libya,2,2,"Morocco, Capital of African Football",Casablanca,Morocco,TRUE
2026-03-31,Botswana,Malawi,1,0,Mukuru 4 Nations,Francistown,Botswana,FALSE
2026-03-31,Mexico,Belgium,1,1,Friendly,Chicago,United States,TRUE
2026-03-31,Montenegro,Slovenia,2,3,Friendly,Podgorica,Montenegro,FALSE
2026-03-31,Morocco,Paraguay,2,1,Friendly,Lens,France,TRUE
2026-03-31,Netherlands,Ecuador,1,1,Friendly,Eindhoven,Netherlands,FALSE
2026-03-31,Niger,Togo,0,1,"Morocco, Capital of African Football",Casablanca,Morocco,TRUE
2026-03-31,Norway,Switzerland,0,0,Friendly,Oslo,Norway,FALSE
2026-03-31,Peru,Honduras,2,2,Friendly,Madrid,Spain,TRUE
2026-03-31,Russia,Mali,0,0,Friendly,Saint Petersburg,Russia,FALSE
2026-03-31,Republic of Ireland,North Macedonia,0,0,Friendly,Dublin,Republic of Ireland,FALSE
2026-03-31,San Marino,Andorra,0,0,Friendly,Serravalle,San Marino,FALSE
2026-03-31,Senegal,Gambia,3,1,Friendly,Diamniadio,Senegal,FALSE
2026-03-31,Serbia,Saudi Arabia,2,1,Friendly,Bačka Topola,Serbia,FALSE
2026-03-31,Slovakia,Romania,2,0,Friendly,Bratislava,Slovakia,FALSE
2026-03-31,South Africa,Panama,1,2,Friendly,Cape Town,South Africa,FALSE
2026-03-31,Spain,Egypt,0,0,Friendly,Barcelona,Spain,FALSE
2026-03-31,Ukraine,Albania,1,0,Friendly,Valencia,Spain,TRUE
2026-03-31,United States,Portugal,0,2,Friendly,Atlanta,United States,FALSE
2026-03-31,Wales,Northern Ireland,1,1,Friendly,Cardiff,Wales,FALSE
2026-03-31,DR Congo,Jamaica,1,0,FIFA World Cup qualification,Zapopan,Mexico,TRUE
2026-03-31,Iraq,Bolivia,2,1,FIFA World Cup qualification,Guadalupe,Mexico,TRUE
2026-03-31,Bosnia and Herzegovina,Italy,1,1,FIFA World Cup qualification,Zenica,Bosnia and Herzegovina,FALSE
2026-03-31,Sweden,Poland,3,2,FIFA World Cup qualification,Solna,Sweden,FALSE
2026-03-31,Kosovo,Turkey,0,1,FIFA World Cup qualification,Pristina,Kosovo,FALSE
2026-03-31,Czech Republic,Denmark,2,2,FIFA World Cup qualification,Prague,Czech Republic,FALSE
2026-03-31,Cameroon,China,2,0,FIFA Series,Melbourne,Australia,TRUE
2026-03-31,Australia,Curaçao,5,1,FIFA Series,Melbourne,Australia,FALSE
2026-03-31,Kazakhstan,Comoros,1,0,FIFA Series,Astana,Kazakhstan,FALSE
2026-05-16,Republic of Ireland,Grenada,5,0,Friendly,Murcia,Spain,TRUE
2026-05-22,Mexico,Ghana,2,0,Friendly,Puebla,Mexico,FALSE
2026-05-26,Morocco,Burundi,5,0,Friendly,Salé,Morocco,FALSE
2026-05-26,Nigeria,Zimbabwe,2,0,Unity Cup,London,England,TRUE
2026-05-27,India,Jamaica,0,2,Unity Cup,London,England,TRUE
2026-05-28,Republic of Ireland,Qatar,1,0,Friendly,Dublin,Republic of Ireland,FALSE
2026-05-28,Egypt,Russia,1,0,Friendly,Cairo,Egypt,FALSE
2026-05-29,Andorra,Iraq,0,1,Friendly,Girona,Spain,TRUE
2026-05-29,Bosnia and Herzegovina,North Macedonia,0,0,Friendly,Sarajevo,Bosnia and Herzegovina,FALSE
2026-05-29,Iran,Gambia,3,1,Friendly,Aksu,Turkey,TRUE
2026-05-29,South Africa,Nicaragua,0,0,Friendly,Johannesburg,South Africa,FALSE
2026-05-30,Ecuador,Saudi Arabia,2,1,Friendly,Harrison,United States,TRUE
2026-05-30,South Korea,Trinidad and Tobago,5,0,Friendly,Provo,United States,TRUE
2026-05-30,Mexico,Australia,1,0,Friendly,Pasadena,United States,TRUE
2026-05-30,Scotland,Curaçao,4,1,Friendly,Glasgow,Scotland,FALSE
2026-05-30,Zimbabwe,India,1,0,Unity Cup,London,England,TRUE
2026-05-30,Nigeria,Jamaica,3,0,Unity Cup,London,England,TRUE
2026-05-31,Brazil,Panama,6,2,Friendly,Rio de Janeiro,Brazil,FALSE
2026-05-31,Cape Verde,Serbia,3,0,Friendly,Lisbon,Portugal,TRUE
2026-05-31,Czech Republic,Kosovo,2,1,Friendly,Prague,Czech Republic,FALSE
2026-05-31,Germany,Finland,4,0,Friendly,Mainz,Germany,FALSE
2026-05-31,Poland,Ukraine,0,2,Friendly,Wrocław,Poland,FALSE
2026-05-31,Singapore,Mongolia,4,0,Friendly,Singapore,Singapore,FALSE
2026-05-31,Switzerland,Jordan,4,1,Friendly,St. Gallen,Switzerland,FALSE
2026-05-31,United States,Senegal,3,2,Friendly,Charlotte,United States,FALSE
2026-05-31,Japan,Iceland,1,0,Friendly,Tokyo,Japan,FALSE
2026-06-01,Austria,Tunisia,1,0,Friendly,Vienna,Austria,FALSE
2026-06-01,Bulgaria,Montenegro,0,1,Friendly,Plovdiv,Bulgaria,FALSE
2026-06-01,Canada,Uzbekistan,2,0,Friendly,Edmonton,Canada,FALSE
2026-06-01,Colombia,Costa Rica,3,1,Friendly,Bogotá,Colombia,FALSE
2026-06-01,Norway,Sweden,3,1,Friendly,Oslo,Norway,FALSE
2026-06-01,Slovakia,Malta,2,1,Friendly,Dunajská Streda,Slovakia,FALSE
2026-06-01,Turkey,North Macedonia,4,0,Friendly,Istanbul,Turkey,FALSE
2026-06-01,Maldives,Afghanistan,0,1,Diamond Jubilee International Football Tournament,Malé,Maldives,FALSE
2026-06-02,Croatia,Belgium,0,2,Friendly,Rijeka,Croatia,FALSE
2026-06-02,Georgia,Romania,1,1,Friendly,Tbilisi,Georgia,FALSE
2026-06-02,Haiti,New Zealand,4,0,Friendly,Fort Lauderdale,United States,TRUE
2026-06-02,Morocco,Madagascar,4,0,Friendly,Rabat,Morocco,FALSE
2026-06-02,Wales,Ghana,1,1,Friendly,Cardiff,Wales,FALSE
2026-06-02,Padania,Raetia,4,1,CONIFA European Football Cup,Carate Brianza,Italy,FALSE
2026-06-02,Rouet-Provence,Canton Ticino,0,1,CONIFA European Football Cup,Carate Brianza,Italy,TRUE
2026-06-03,Padania,Greenland,3,1,CONIFA European Football Cup,Carate Brianza,Italy,FALSE
2026-06-03,Canton Ticino,Northern Cyprus,1,5,CONIFA European Football Cup,Carate Brianza,Italy,TRUE
2026-06-03,Albania,Israel,0,1,Friendly,Tirana,Albania,FALSE
2026-06-03,DR Congo,Denmark,0,0,Friendly,Liège,Belgium,TRUE
2026-06-03,Gibraltar,British Virgin Islands,4,0,Friendly,Europa Point,Gibraltar,FALSE
2026-06-03,South Korea,El Salvador,1,0,Friendly,Provo,United States,TRUE
2026-06-03,Luxembourg,Italy,0,1,Friendly,Luxembourg,Luxembourg,FALSE
2026-06-03,Netherlands,Algeria,0,1,Friendly,Rotterdam,Netherlands,FALSE
2026-06-03,Panama,Dominican Republic,4,2,Friendly,Panama City,Panama,FALSE
2026-06-03,Poland,Nigeria,2,2,Friendly,Warsaw,Poland,FALSE
2026-06-03,Philippines,Guam,5,1,Friendly,Manila,Philippines,FALSE
2026-06-04,Raetia,Greenland,1,4,CONIFA European Football Cup,Carate Brianza,Italy,TRUE
2026-06-04,Rouet-Provence,Northern Cyprus,0,4,CONIFA European Football Cup,Carate Brianza,Italy,TRUE
2026-06-04,Maldives,Pakistan,0,3,Diamond Jubilee International Football Tournament,Malé,Maldives,FALSE
2026-06-04,Andorra,Liechtenstein,2,0,Friendly,Encamp,Andorra,FALSE
2026-06-04,Cambodia,Bhutan,4,0,Friendly,Phnom Penh,Cambodia,FALSE
2026-06-04,France,Ivory Coast,1,2,Friendly,Nantes,France,FALSE
2026-06-04,Guatemala,Czech Republic,1,5,Friendly,Harrison,United States,TRUE
2026-06-04,Iran,Mali,2,0,Friendly,Antalya,Turkey,TRUE
2026-06-04,Lesotho,Kenya,1,1,Friendly,Pretoria,South Africa,TRUE
2026-06-04,Mexico,Serbia,5,1,Friendly,Toluca,Mexico,FALSE
2026-06-04,Northern Ireland,Guinea,1,0,Friendly,La Línea de la Concepción,Spain,TRUE
2026-06-04,Slovenia,Cyprus,1,1,Friendly,Ljubljana,Slovenia,FALSE
2026-06-04,Spain,Iraq,1,1,Friendly,A Coruña,Spain,FALSE
2026-06-04,Sweden,Greece,2,2,Friendly,Solna,Sweden,FALSE
2026-06-05,Angola,Mauritania,1,1,Friendly,Casablanca,Morocco,TRUE
2026-06-05,Azerbaijan,Malta,0,2,Friendly,Szombathely,Hungary,TRUE
2026-06-05,Belarus,Syria,4,1,Friendly,Minsk,Belarus,FALSE
2026-06-05,Canada,Republic of Ireland,1,1,Friendly,Montreal,Canada,FALSE
2026-06-05,Georgia,Bahrain,2,0,Friendly,Tbilisi,Georgia,FALSE
2026-06-05,Haiti,Peru,1,2,Friendly,Miami,United States,TRUE
2026-06-05,Hong Kong,Mongolia,2,0,Friendly,Hong Kong,Hong Kong,FALSE
2026-06-05,Hungary,Finland,2,1,Friendly,Budapest,Hungary,FALSE
2026-06-05,Indonesia,Oman,3,0,Friendly,Jakarta,Indonesia,FALSE
2026-06-05,Moldova,Bulgaria,2,2,Friendly,Chișinău,Moldova,FALSE
2026-06-05,Paraguay,Nicaragua,4,0,Friendly,Asunción,Paraguay,FALSE
2026-06-05,San Marino,Bangladesh,1,2,Friendly,Serravalle,San Marino,FALSE
2026-06-05,Singapore,China,1,2,Friendly,Singapore,Singapore,FALSE
2026-06-05,Slovakia,Montenegro,2,2,Friendly,Košice,Slovakia,FALSE
2026-06-05,Tajikistan,India,3,1,Friendly,Tursunzoda,Tajikistan,FALSE
2026-06-05,Thailand,Kuwait,2,2,Friendly,Pathum Thani,Thailand,FALSE
2026-06-05,Russia,Burkina Faso,3,0,Friendly,Volgograd,Russia,FALSE
2026-06-05,Benin,Niger,1,1,Friendly,Casablanca,Morocco,TRUE
2026-06-05,Central African Republic,Togo,1,1,Friendly,Mohammedia,Morocco,TRUE
2026-06-05,Puerto Rico,Saudi Arabia,0,3,Friendly,Austin,United States,TRUE
2026-06-06,Raetia,Rouet-Provence,3,3,CONIFA European Football Cup,Carate Brianza,Italy,TRUE
2026-06-06,Greenland,Canton Ticino,3,2,CONIFA European Football Cup,Carate Brianza,Italy,TRUE
2026-06-06,Padania,Northern Cyprus,1,6,CONIFA European Football Cup,Carate Brianza,Italy,FALSE
2026-06-06,Vanuatu,Fiji,2,1,Friendly,Port Vila,Vanuatu,FALSE
2026-06-06,Albania,Luxembourg,0,1,Friendly,Tirana,Albania,FALSE
2026-06-06,Argentina,Honduras,2,0,Friendly,College Station,United States,TRUE
2026-06-06,Armenia,Kazakhstan,1,1,Friendly,Yerevan,Armenia,FALSE
2026-06-06,Australia,Switzerland,1,1,Friendly,San Diego,United States,TRUE
2026-06-06,Belgium,Tunisia,5,0,Friendly,Brussels,Belgium,FALSE
2026-06-06,Bermuda,Cape Verde,3,0,Friendly,East Hartford,United States,TRUE
2026-06-06,Bolivia,Scotland,0,4,Friendly,Harrison,United States,TRUE
2026-06-06,Brazil,Egypt,2,1,Friendly,Cleveland,United States,TRUE
2026-06-06,Curaçao,Aruba,4,0,Friendly,Willemstad,Curaçao,FALSE
2026-06-06,England,New Zealand,1,0,Friendly,Tampa,United States,TRUE
2026-06-06,Sierra Leone,Liberia,1,0,Friendly,Bo,Sierra Leone,FALSE
2026-06-06,Ethiopia,Malawi,1,0,Friendly,Dire Dawa,Ethiopia,FALSE
2026-06-06,Jamaica,South Africa,0,1,Friendly,Pachuca,Mexico,TRUE
2026-06-06,Kyrgyzstan,Palestine,0,0,Friendly,Bishkek,Kyrgyzstan,FALSE
2026-06-06,Panama,Bosnia and Herzegovina,1,1,Friendly,St. Louis,United States,TRUE
2026-06-06,Portugal,Chile,2,1,Friendly,Oeiras,Portugal,FALSE
2026-06-06,Qatar,El Salvador,0,0,Friendly,Los Angeles,United States,TRUE
2026-06-06,Romania,Wales,2,1,Friendly,Bucharest,Romania,FALSE
2026-06-06,United States,Germany,1,2,Friendly,Chicago,United States,FALSE
2026-06-06,British Virgin Islands,Bonaire,2,0,Friendly,Málaga,Spain,TRUE
2026-06-06,Gibraltar,Cayman Islands,4,1,Friendly,Europa Point,Gibraltar,FALSE
2026-06-06,Venezuela,Turkey,1,2,Friendly,Fort Lauderdale,United States,TRUE
2026-06-06,Myanmar,Guam,6,1,Tri-Nations Cup,Manila,Philippines,TRUE
2026-06-06,Lithuania,Latvia,1,1,Baltic Cup,Kaunas,Lithuania,FALSE
2026-06-06,Estonia,Faroe Islands,1,0,Baltic Cup,Pärnu,Estonia,FALSE
2026-06-07,Afghanistan,Pakistan,0,2,Diamond Jubilee International Football Tournament,Malé,Maldives,TRUE
2026-06-07,Croatia,Slovenia,2,1,Friendly,Varaždin,Croatia,FALSE
2026-06-07,Ecuador,Guatemala,3,0,Friendly,Columbus,United States,TRUE
2026-06-07,Greece,Italy,0,1,Friendly,Heraklion,Greece,FALSE
2026-06-07,Jordan,Colombia,0,2,Friendly,San Diego,United States,TRUE
2026-06-07,Kosovo,Andorra,3,0,Friendly,Pristina,Kosovo,FALSE
2026-06-07,Liechtenstein,Cyprus,0,2,Friendly,Vaduz,Liechtenstein,FALSE
2026-06-07,Morocco,Norway,1,1,Friendly,Harrison,United States,TRUE
2026-06-07,Denmark,Ukraine,2,1,Friendly,Odense,Denmark,FALSE
2026-06-08,France,Northern Ireland,3,1,Friendly,Lille,France,FALSE
2026-06-08,Netherlands,Uzbekistan,2,1,Friendly,New York,United States,TRUE
2026-06-08,Peru,Spain,1,3,Friendly,Puebla,Mexico,TRUE
2026-06-08,Mauritania,Niger,1,0,Friendly,Casablanca,Morocco,TRUE
2026-06-09,Angola,Central African Republic,3,0,Friendly,Casablanca,Morocco,TRUE
2026-06-09,Argentina,Iceland,3,0,Friendly,Auburn,United States,TRUE
2026-06-09,Armenia,Moldova,1,1,Friendly,Yerevan,Armenia,FALSE
2026-06-09,Azerbaijan,San Marino,2,1,Friendly,Szombathely,Hungary,TRUE
2026-06-09,Belarus,Burkina Faso,2,2,Friendly,Minsk,Belarus,FALSE
2026-06-09,Cambodia,Hong Kong,2,0,Friendly,Phnom Penh,Cambodia,FALSE
2026-06-09,China,Thailand,0,0,Friendly,Hangzhou,China,FALSE
2026-06-09,DR Congo,Chile,1,2,Friendly,Orléans,France,TRUE
2026-06-09,Equatorial Guinea,Comoros,0,1,Friendly,Marrakesh,Morocco,TRUE
2026-06-09,Ethiopia,Malawi,1,1,Friendly,Dire Dawa,Ethiopia,FALSE
2026-06-09,Hungary,Kazakhstan,3,1,Friendly,Debrecen,Hungary,FALSE
2026-06-09,Indonesia,Mozambique,1,0,Friendly,Jakarta,Indonesia,FALSE
2026-06-09,Kyrgyzstan,Palestine,0,0,Friendly,Bishkek,Kyrgyzstan,FALSE
2026-06-09,Saudi Arabia,Senegal,0,0,Friendly,San Antonio,United States,TRUE
2026-06-09,Tajikistan,India,1,1,Friendly,Hisor,Tajikistan,FALSE
2026-06-09,Philippines,Myanmar,5,1,Tri-Nations Cup,Manila,Philippines,FALSE
2026-06-09,Latvia,Faroe Islands,0,1,Baltic Cup,Riga,Latvia,FALSE
2026-06-09,Estonia,Lithuania,1,0,Baltic Cup,Tallinn,Estonia,FALSE
2026-06-09,Russia,Trinidad and Tobago,3,0,Friendly,Kaliningrad,Russia,FALSE
2026-06-09,Togo,Benin,5,1,Friendly,Lomé,Togo,FALSE
2026-06-09,Liberia,Sierra Leone,3,1,Friendly,Monrovia,Liberia,FALSE
2026-06-09,Iraq,Venezuela,0,2,Friendly,Bridgeview,United States,TRUE
2026-06-10,Bolivia,Algeria,0,4,Friendly,Kansas City,United States,TRUE
2026-06-10,England,Costa Rica,3,0,Friendly,Orlando,United States,TRUE
2026-06-10,Portugal,Nigeria,2,1,Friendly,Leiria,Portugal,FALSE
2026-06-10,Afghanistan,Pakistan,0,2,Diamond Jubilee International Football Tournament,Malé,Maldives,TRUE
2026-06-11,Mexico,South Africa,2,0,FIFA World Cup,Mexico City,Mexico,FALSE
2026-06-11,South Korea,Czech Republic,2,1,FIFA World Cup,Zapopan,Mexico,TRUE
2026-06-12,Canada,Bosnia and Herzegovina,1,1,FIFA World Cup,Toronto,Canada,FALSE
2026-06-12,United States,Paraguay,4,1,FIFA World Cup,Inglewood,United States,FALSE
2026-06-13,Qatar,Switzerland,1,1,FIFA World Cup,Santa Clara,United States,TRUE
2026-06-13,Brazil,Morocco,1,1,FIFA World Cup,East Rutherford,United States,TRUE
2026-06-13,Haiti,Scotland,0,1,FIFA World Cup,Foxborough,United States,TRUE
2026-06-13,Australia,Turkey,2,0,FIFA World Cup,Vancouver,Canada,TRUE
2026-06-14,Germany,Curaçao,7,1,FIFA World Cup,Houston,United States,TRUE
2026-06-14,Ivory Coast,Ecuador,1,0,FIFA World Cup,Philadelphia,United States,TRUE
2026-06-14,Netherlands,Japan,2,2,FIFA World Cup,Arlington,United States,TRUE
2026-06-14,Sweden,Tunisia,5,1,FIFA World Cup,Guadalupe,Mexico,TRUE
2026-06-15,Belgium,Egypt,1,1,FIFA World Cup,Seattle,United States,TRUE
2026-06-15,Iran,New Zealand,2,2,FIFA World Cup,Inglewood,United States,TRUE
2026-06-15,Spain,Cape Verde,0,0,FIFA World Cup,Atlanta,United States,TRUE
2026-06-15,Saudi Arabia,Uruguay,1,1,FIFA World Cup,Miami Gardens,United States,TRUE
2026-06-16,France,Senegal,3,1,FIFA World Cup,East Rutherford,United States,TRUE
2026-06-16,Iraq,Norway,1,4,FIFA World Cup,Foxborough,United States,TRUE
2026-06-16,Argentina,Algeria,3,0,FIFA World Cup,Kansas City,United States,TRUE
2026-06-16,Austria,Jordan,3,1,FIFA World Cup,Santa Clara,United States,TRUE
2026-06-17,Portugal,DR Congo,1,1,FIFA World Cup,Houston,United States,TRUE
2026-06-17,Uzbekistan,Colombia,1,3,FIFA World Cup,Mexico City,Mexico,TRUE
2026-06-17,England,Croatia,4,2,FIFA World Cup,Arlington,United States,TRUE
2026-06-17,Ghana,Panama,1,0,FIFA World Cup,Toronto,Canada,TRUE
2026-06-18,Czech Republic,South Africa,1,1,FIFA World Cup,Atlanta,United States,TRUE
2026-06-18,Mexico,South Korea,1,0,FIFA World Cup,Zapopan,Mexico,FALSE
2026-06-18,Switzerland,Bosnia and Herzegovina,4,1,FIFA World Cup,Inglewood,United States,TRUE
2026-06-18,Canada,Qatar,6,0,FIFA World Cup,Vancouver,Canada,FALSE
2026-06-19,Scotland,Morocco,0,1,FIFA World Cup,Foxborough,United States,TRUE
2026-06-19,Brazil,Haiti,3,0,FIFA World Cup,Philadelphia,United States,TRUE
2026-06-19,United States,Australia,2,0,FIFA World Cup,Seattle,United States,FALSE
2026-06-19,Turkey,Paraguay,0,1,FIFA World Cup,Santa Clara,United States,TRUE
2026-06-20,Germany,Ivory Coast,2,1,FIFA World Cup,Toronto,Canada,TRUE
2026-06-20,Ecuador,Curaçao,0,0,FIFA World Cup,Kansas City,United States,TRUE
2026-06-20,Netherlands,Sweden,5,1,FIFA World Cup,Houston,United States,TRUE
2026-06-20,Tunisia,Japan,0,4,FIFA World Cup,Guadalupe,Mexico,TRUE
2026-06-21,Belgium,Iran,0,0,FIFA World Cup,Inglewood,United States,TRUE
2026-06-21,New Zealand,Egypt,1,3,FIFA World Cup,Vancouver,Canada,TRUE
2026-06-21,Spain,Saudi Arabia,4,0,FIFA World Cup,Atlanta,United States,TRUE
2026-06-21,Uruguay,Cape Verde,2,2,FIFA World Cup,Miami Gardens,United States,TRUE
2026-06-22,France,Iraq,3,0,FIFA World Cup,Philadelphia,United States,TRUE
2026-06-22,Norway,Senegal,3,2,FIFA World Cup,East Rutherford,United States,TRUE
2026-06-22,Argentina,Austria,2,0,FIFA World Cup,Arlington,United States,TRUE
2026-06-22,Jordan,Algeria,1,2,FIFA World Cup,Santa Clara,United States,TRUE
2026-06-23,Portugal,Uzbekistan,5,0,FIFA World Cup,Houston,United States,TRUE
2026-06-23,Colombia,DR Congo,1,0,FIFA World Cup,Zapopan,Mexico,TRUE
2026-06-23,England,Ghana,0,0,FIFA World Cup,Foxborough,United States,TRUE
2026-06-23,Panama,Croatia,0,1,FIFA World Cup,Toronto,Canada,TRUE
2026-06-24,Mexico,Czech Republic,3,0,FIFA World Cup,Mexico City,Mexico,FALSE
2026-06-24,South Africa,South Korea,1,0,FIFA World Cup,Guadalupe,Mexico,TRUE
2026-06-24,Canada,Switzerland,1,2,FIFA World Cup,Vancouver,Canada,FALSE
2026-06-24,Bosnia and Herzegovina,Qatar,3,1,FIFA World Cup,Seattle,United States,TRUE
2026-06-24,Scotland,Brazil,0,3,FIFA World Cup,Miami Gardens,United States,TRUE
2026-06-24,Morocco,Haiti,4,2,FIFA World Cup,Atlanta,United States,TRUE
2026-06-25,United States,Turkey,2,3,FIFA World Cup,Inglewood,United States,FALSE
2026-06-25,Paraguay,Australia,0,0,FIFA World Cup,Santa Clara,United States,TRUE
2026-06-25,Curaçao,Ivory Coast,0,2,FIFA World Cup,Philadelphia,United States,TRUE
2026-06-25,Ecuador,Germany,2,1,FIFA World Cup,East Rutherford,United States,TRUE
2026-06-25,Japan,Sweden,1,1,FIFA World Cup,Arlington,United States,TRUE
2026-06-25,Tunisia,Netherlands,1,3,FIFA World Cup,Kansas City,United States,TRUE
2026-06-26,Egypt,Iran,1,1,FIFA World Cup,Seattle,United States,TRUE
2026-06-26,New Zealand,Belgium,1,5,FIFA World Cup,Vancouver,Canada,TRUE
2026-06-26,Cape Verde,Saudi Arabia,0,0,FIFA World Cup,Houston,United States,TRUE
2026-06-26,Uruguay,Spain,0,1,FIFA World Cup,Zapopan,Mexico,TRUE
2026-06-26,Norway,France,1,4,FIFA World Cup,Foxborough,United States,TRUE
2026-06-26,Senegal,Iraq,5,0,FIFA World Cup,Toronto,Canada,TRUE
2026-06-27,Algeria,Austria,3,3,FIFA World Cup,Kansas City,United States,TRUE
2026-06-27,Jordan,Argentina,1,3,FIFA World Cup,Arlington,United States,TRUE
2026-06-27,Colombia,Portugal,0,0,FIFA World Cup,Miami Gardens,United States,TRUE
2026-06-27,DR Congo,Uzbekistan,3,1,FIFA World Cup,Atlanta,United States,TRUE
2026-06-27,Panama,England,0,2,FIFA World Cup,East Rutherford,United States,TRUE
2026-06-27,Croatia,Ghana,2,1,FIFA World Cup,Philadelphia,United States,TRUE
2026-06-28,South Africa,Canada,0,1,FIFA World Cup,Inglewood,United States,TRUE
2026-06-29,Brazil,Japan,2,1,FIFA World Cup,Houston,United States,TRUE
2026-06-29,Germany,Paraguay,1,1,FIFA World Cup,Foxborough,United States,TRUE
2026-06-29,Netherlands,Morocco,1,1,FIFA World Cup,Guadalupe,Mexico,TRUE
2026-06-30,Ivory Coast,Norway,1,2,FIFA World Cup,Arlington,United States,TRUE
2026-06-30,France,Sweden,3,0,FIFA World Cup,East Rutherford,United States,TRUE
2026-06-30,Mexico,Ecuador,2,0,FIFA World Cup,Mexico City,Mexico,FALSE
2026-07-01,England,DR Congo,2,1,FIFA World Cup,Atlanta,United States,TRUE
2026-07-01,Belgium,Senegal,3,2,FIFA World Cup,Seattle,United States,TRUE
2026-07-01,United States,Bosnia and Herzegovina,2,0,FIFA World Cup,Santa Clara,United States,FALSE
2026-07-02,Spain,Austria,3,0,FIFA World Cup,Inglewood,United States,TRUE
2026-07-02,Portugal,Croatia,2,1,FIFA World Cup,Toronto,Canada,TRUE
2026-07-02,Switzerland,Algeria,2,0,FIFA World Cup,Vancouver,Canada,TRUE
2026-07-03,Australia,Egypt,1,1,FIFA World Cup,Arlington,United States,TRUE
2026-07-03,Argentina,Cape Verde,3,2,FIFA World Cup,Miami Gardens,United States,TRUE
2026-07-03,Colombia,Ghana,1,0,FIFA World Cup,Kansas City,United States,TRUE
2026-07-04,Canada,Morocco,0,3,FIFA World Cup,Houston,United States,TRUE
2026-07-04,Paraguay,France,0,1,FIFA World Cup,Philadelphia,United States,TRUE
2026-07-05,Brazil,Norway,1,2,FIFA World Cup,East Rutherford,United States,TRUE
2026-07-05,Mexico,England,2,3,FIFA World Cup,Mexico City,Mexico,FALSE
2026-07-06,Portugal,Spain,0,1,FIFA World Cup,Dallas,United States,TRUE
2026-07-06,United States,Belgium,1,4,FIFA World Cup,Seattle,United States,FALSE
2026-07-07,Argentina,Egypt,3,2,FIFA World Cup,Atlanta,United States,TRUE
2026-07-07,Switzerland,Colombia,0,0,FIFA World Cup,Vancouver,Canada,TRUE
2026-07-09,France,Morocco,2,0,FIFA World Cup,Foxborough,United States,TRUE
2026-07-10,Spain,Belgium,2,1,FIFA World Cup,Inglewood,United States,TRUE
2026-07-11,Norway,England,1,2,FIFA World Cup,Miami Gardens,United States,TRUE
2026-07-11,Argentina,Switzerland,3,1,FIFA World Cup,Kansas City,United States,TRUE
